perimeter_mean,radius_se,texture_worst,concavity_mean,concave points_worst,compactness_mean,texture_se,fractal_dimension_mean,fractal_dimension_worst,smoothness_mean,fractal_dimension_se,symmetry_se,smoothness_se,symmetry_worst,symmetry_mean,smoothness_worst,concave points_se,compactness_se,concavity_se,diagnosis
1.2699336881399386,2.489733926737622,-1.3592934737640852,2.652873983743169,2.29607612756179,3.2835146709868286,-0.565265059068463,2.255746885296271,1.937014612378176,1.5684663292434209,0.907083080997336,1.1487566671861764,-0.2140016466689533,2.750622244124958,2.2175150059646422,1.3076862710715431,0.6608199414286064,1.3168615683959486,0.7240261580803589,1
1.6859547105508974,0.4992546006760577,-0.3692032217294107,-0.0238458551987689,1.087084295170028,-0.487071672575893,-0.8762436030602541,-0.8686524574634644,0.2811899865404717,-0.8269624468508493,-0.0994437403202744,-0.8054503802819916,-0.6053508469797807,-0.2438896675666768,0.0013923632994629,-0.3756119566608037,0.2601620674590055,-0.6929262695890703,-0.4407800577847937,1
1.5665031298586418,1.2286759457296248,-0.0239743838488992,1.3634784515699183,1.955000346131368,1.0529255443416117,-0.7800833765050328,-0.3980079103689848,0.2013912093916669,0.9422104400684482,0.29355940411753,0.237035535374819,-0.2970050119818971,1.15225500006697,0.9396848166189868,0.5274074050914449,1.4248274662856195,0.8149735042940166,0.2130764345824368,1
-0.5926871666544724,0.3263734407153162,0.1339840938605798,1.915897180056998,2.175786008218025,3.40290899127455,-0.1104090440232939,4.91091928501904,4.935010337204807,3.283553480279424,2.0475108774169506,4.7326803725800906,0.6897016600113297,6.046041349536011,2.867382930831861,3.3942746991980965,1.115007005037871,2.744280405496543,0.8195183841461614,1
1.7765731510760563,1.2705427819622883,-1.4667703761231117,1.3710114342311062,0.7292592566157917,0.5393404523103001,-0.7902437023297355,-0.56244998104055,-0.3970996192243708,0.2803718299176249,0.4993281342177854,-0.3610922722145706,1.4830671597896676,-0.8683529835650408,-0.0095604668949282,0.2205561656610689,1.1442047448413235,-0.0485198799348081,0.8284707803398303,1
-0.3871480674633158,-0.2550702935159039,-0.3138363326353665,0.8663015959315473,0.905887786285117,1.244335486390182,-0.5926616519172148,1.8900050384577904,2.241801608432639,2.2374214835894137,0.4868458399286154,0.1341188073483046,0.156346702177153,1.7540693875058078,1.005401797785335,2.048512834839165,-0.0691235536577112,0.4455436486466036,0.1600251978792133,1
1.1381250473760702,0.1498830707345175,0.3228828919461426,0.300072399232291,1.1967157963440924,0.0882952423344619,-0.8049398878976088,-0.7623321531499525,-0.01473047871968,-0.1231362259485216,-0.611217806176241,-0.8296660809941125,-0.9090298260966148,0.2624756637998718,-0.0643246178668849,0.5186402268220053,-0.2280890259209538,-0.6515680104091783,-0.3101413874031056,1
-0.0728668396419674,0.6436230014783472,0.401047911843617,0.0610257494506094,0.6241957346573134,1.1401023496310596,0.2905609572730061,1.6603531811406054,1.726434506013273,1.6040490502192717,0.6116687828203148,-0.6880042318282045,0.5880308711741898,0.4776404851153698,1.4033546281815528,1.447961123382571,0.4353485062797217,0.2689327040405786,-0.2325539537246412,1
-0.1840803802864812,-0.3568500160815179,0.8228133317070718,1.2190962838971595,1.3916162428757612,1.6840098087195703,-0.389818004202616,1.5724617295747676,1.2886495480441351,2.201838762613563,-0.0173631990854297,0.1074815365649717,-0.4366773415647222,2.3898571677839344,1.9655999114936409,1.6627569909838351,0.0752430487038049,0.5332902255552934,0.1205683405811907,1
-0.3294817871291233,-0.388250143256016,2.443109056665132,1.738872087519093,1.6200152036550617,2.563358453378348,0.6933453024665743,2.78309559469129,6.846856039728261,1.5826994176337603,2.3773460477247137,-0.3211363660395708,0.0360084898158168,2.3704438004471973,0.7972980240919001,2.320295361191782,0.4093949597877637,2.6095866154647327,1.509847601746858,1
0.4420106633418922,-0.0926558426133284,1.335771274784247,-0.7006843473064609,-0.2262097293109465,-0.7135418515343496,-0.0541643832079756,-0.8261243357380594,0.0318188079504558,-1.0176858312814092,-0.2847868979473428,-0.7194846427539618,-1.004033677960828,0.0764308934894783,-1.0354755617695834,-0.6254765373398238,-0.6821138798646436,-0.9059213043655138,-0.6924418618957106,1
0.4790818435567298,0.3631873829199002,0.2610022511939757,0.1348489795302465,1.0109513082435948,0.4711151264316021,-0.4208432848459043,-0.2803467735953654,1.15565158612946,0.0526424156721808,0.1320460810425131,-0.0559744432418453,-0.4233434676188677,1.4418377295066254,0.1109206652433763,0.3169951266249016,0.1660804614256578,0.8457127509817742,-0.1320881742179115,1
1.6653596104315431,1.986249128939638,0.6941667364591456,1.4777286885979282,0.9454769394868622,2.6808576257249936,4.265788436187908,2.1550969972128127,1.0171120424683402,0.0739920482576908,3.4213197519098344,2.941929304918739,-1.3007123732560886,0.4452848728874753,2.137194251205772,-1.2567133727394535,4.720927870764281,3.213193641333426,1.8901586548630924,1
0.483200863580601,-0.0067566441359663,0.3228828919461426,0.1328401841539298,-0.0412065710797136,-0.0784777764801337,-0.2519278680102231,-1.3350441923854033,-1.167933640154842,-0.878913219475591,-0.2999169516311852,1.122119396402843,0.9093772332692812,-0.1484406114943887,0.1291753822340285,-0.8446559940758059,1.3177690870062928,0.3231455572898966,0.6172605442151214,1
0.067179841169642,-0.6968375999709093,1.031253384767003,1.556825006540396,1.616969884178004,2.368158215447627,-0.0868225733588055,1.9878197184262207,3.2780773950178155,1.1912894868994035,1.625760630979846,-0.1128813399153299,-0.2040012412095627,1.1247527296732591,0.9396848166189868,1.4348103559784129,0.7273259043142488,1.8936416153371445,0.7664671474429379,1
0.1961051679168009,-0.1269433378038722,1.865013597006729,0.9428869196536196,0.8617306538677855,1.045344952577312,-0.333573343387298,1.1301692636305585,2.779335037837784,1.248221840460764,0.632094355293502,-0.2388029836183592,-0.4780123507968709,2.1310122699607783,1.7940055717815109,1.5531672626158437,-0.1453620964778378,0.9457550265655668,0.5144737731026258,1
0.11413666944177,0.2437225312560057,0.8472399004250323,-0.1864327309693979,0.7048967007993328,-0.6129094958632698,0.0419958433472455,-0.5071634227975237,-0.0989625212656412,0.1643721595363511,-0.6467734323332704,-0.7800238945342645,-0.4410108505971249,0.207471123012451,-0.8237208446780176,0.615079187785838,-0.1145422600186378,-0.7745249971602084,-0.3950233661282633,1
0.6644377446309193,0.5920112981915289,0.9449461752968754,1.0470931798000458,1.4114108194766344,1.8545731234163156,-0.2609995874965649,1.5256807956768228,1.6765602702952702,1.468834710511039,0.1312895783583209,-0.4422148696001761,-0.0049931725676854,1.3027085969266792,1.2865244394413793,2.039745656569725,0.1904119112618685,-0.0261640641618935,-0.000454793148038,1
1.5665031298586418,1.274151991982346,0.8472399004250323,0.7420073820219546,1.8910486371131645,-0.0310990779532599,-0.3626028457435912,-1.2542407611071342,-0.4320115842269734,0.1387526004337387,-0.6800595504377235,-0.8454062864569913,-0.1823336960475493,-0.2147696165615722,-0.8383246182705388,0.8254914662523812,0.55376156214928,-0.3659724639101949,0.0668539634191769,1
-0.1857279882960298,-0.4882252608116013,-1.0450049562596568,-0.2782095697248649,0.2161229247316309,-0.4368502521374068,-0.7769989918796767,-0.7283096557696281,-0.6292918944004077,0.1017465706188545,-0.5654493937826179,-0.0898764242388146,0.4736929020884884,0.1233465312199256,0.2679112313629853,0.5098730485525658,0.2196096510653212,-0.607974169651995,-0.2660425468935511,0
-0.2611060547328669,-0.7939253495104489,-0.8447070927723794,-0.5413617640223464,-0.6361097309228636,0.429421871727953,-0.8512056572779512,0.7530865843319705,-0.1172497410289089,0.792763011969875,-0.5181679760206107,-0.4555335049918426,-0.9813660922528752,0.4582271177786334,0.5672885900096821,-0.0512263606915487,-0.8607067216624293,-0.3631779869385805,-0.4944944349468076,0
-1.3028062187698115,-0.4615171066631777,-1.631242605490714,-0.743747898186249,-0.7969025993114909,-0.7470859700913761,-0.4355394704137778,0.8863413657382382,-0.3444545926331457,0.4298192580161982,-0.3127774972624511,-0.0329695275653304,0.8550416969399245,-0.7292238509850946,0.012345193493854,0.0013767089250861,0.3915518965745428,-0.6236232406930352,-0.3993337791104003,0
0.4337726232941504,0.1213703115760655,-1.07431683872121,1.492794653920303,1.898661935805808,2.0687248407577847,-0.9203321597638744,1.0663770810424509,0.8597311208693084,0.7785299235795353,0.2266089165665277,1.9587718560066252,-0.0839963756968729,2.8573957644770096,2.589911232573947,0.2906935918165841,1.7395142175006095,1.5538332155888428,1.079801014221352,1
1.8630725715773448,1.0341395256485395,1.6142341581689992,0.262407485926354,1.3139605962107994,-0.0405748176586347,-0.1630250170440752,-1.420100435836212,-0.4813316617703321,-0.1480441306316173,-0.6838420638586841,-1.1759506011774434,-0.7710242307570215,-0.1274094635462569,-0.1555982028201461,0.3389130722984999,-0.2297111225767011,-0.7203121439108906,-0.4888577410470901,1
0.7426991250844662,1.4495595989571273,0.9579736786131208,0.7997602490910583,1.4449093337242649,0.7838145367089686,-0.5717966970986291,0.0712190326679798,0.6480426981551171,1.120124044947702,-0.3759454713924928,-0.7097983624691134,-0.3310063905438258,1.15225500006697,0.6695150051573344,2.109883082725239,-0.0804782302479429,-0.3721203132477464,-0.1486666856876689,1
0.9898403265167188,2.312882635754818,-0.6965192425500845,1.6836302146703848,2.1377195147548083,2.335940700449353,-0.4369909455315925,1.606484226955092,1.2166089853403523,1.5826994176337603,1.3802755099595048,0.3072610674399701,0.329353716624614,1.8851096170287804,4.484750856203648,0.9701499076981296,1.9747182325839792,0.699282157669184,0.179919411642922,1
0.2241145040791226,-0.5438070951204826,1.226665934510689,0.6742105380712673,2.367641135272637,1.5627203404907732,-0.4239276694712606,0.9132758428309938,2.413590642572428,0.6433155838713017,-0.03173675008508,-0.7267493529675981,-0.8630279609834172,2.2054301780849355,1.6078074584768585,0.8824781250037366,0.2796272273279741,0.2834639842929731,-0.1685608994513777,1
1.2411005479728423,1.6159441808817658,0.2577453753649143,0.7558178502341314,0.5237001919144215,0.0428116917486631,1.1469312767836557,-0.8232891276230326,-0.5395182701080022,-0.1395042775974135,0.1596584290155254,0.2890992919058793,1.2363904917913606,-0.9055619376271192,-0.4184661274855384,0.0627469568111618,1.1863792578907553,0.0973518179834594,0.627207651096976,1
0.4296536032702797,0.1220921535800769,1.7966192045964389,0.9981287925023276,1.3368004922887295,1.2386500425669569,-0.3716745652299327,0.3689158847458137,0.8209400486441945,0.8425788213360664,-0.3131557486045472,-0.3465628517872977,-0.6026840721906098,1.8220161731843856,0.4175999106863332,1.390974464631216,-0.1567167730680695,0.2845817750816187,0.1281944558572791,1
0.9486501262780102,0.7042577298153084,-1.0026655704818586,0.124930552359683,0.471929760804447,0.2152701543864835,-0.7154927337622804,-0.1853673017419609,-0.2635474991350516,0.1501390711460115,-0.0200109584801021,-0.1564696011971477,-0.4713454138239437,-0.2341829838983086,-0.2651265047640595,-0.3010909413705693,0.2828714206394687,0.27116828561787,0.0721590870894993,1
1.352314088617356,1.5358197184364952,1.3569409676731456,1.7966249545881967,1.0688123783076842,1.5987281513711975,0.452037564129887,-0.1173223069813141,0.7688491802276136,0.7144810258230031,0.2893986393544732,-0.0571852282774513,-0.2643370208145538,0.8788500767412613,1.355892364005857,0.733436094423269,-0.0350595238870164,0.4617516150819666,0.6653382274774178,1
-0.5782705965709241,0.2790927894525665,0.3977910360145556,0.4143226362603007,0.6089691372720267,0.895628265232391,-0.3390163750791028,2.1536793931553,3.117371524370916,1.0347255146056598,0.7081228750548096,0.2648835911937584,-0.4966797743210669,3.009467141948114,1.7867036849852498,1.3734401080923382,-0.219978542642217,0.484107430854881,0.3367521301468267,1
0.8580316857528507,0.706423255827343,1.0442808880832497,1.919663671387592,1.0672897185691557,0.857725306410892,0.3286621791156408,0.1449344436586823,0.0484435531897907,1.6609814037806323,0.0223531918346562,0.0578393501051235,0.409023613451094,1.0179792093212074,1.5932036848843365,1.3602893406881782,-0.1096759700513956,0.2985541599396903,0.6142764121505652,1
1.4800037093573537,0.5436478839227616,0.8504967762540937,0.9654858676371818,0.972884814780378,1.2803432972706057,-1.1079353187414194,-0.0265956473004504,1.5712702171128192,-0.1672587999585772,0.0382397482026907,-0.6189894847986597,-0.6753536851955162,1.2477040561392592,0.1510810426228108,0.8123406988482225,-0.3492596461052825,0.4304534729998863,0.1020004077350625,1
0.6191285243683399,-0.2568748985259325,0.2577453753649143,0.585070243247216,1.093174934124143,0.977119626698614,-0.9636949789085876,0.3334757833079764,2.180844209221747,0.5436839651389198,0.0083578921771021,-0.4252638791016912,-0.9520315695719952,2.215136861753304,0.6804678353517256,0.5361745833608844,-0.4426924134763312,0.1789505455545975,-0.1741975933510952,1
0.7468181451083369,0.2032993790313647,0.5443504483223196,0.5775372605860287,1.0155192874591807,0.5545016358388997,-0.5391385069477993,-0.8842461020961128,0.1321214375611069,-0.0185230262795206,-0.4273876539175568,0.8896486695664814,-0.421676733375636,3.1744807643103754,0.3080716087424198,1.0490545121230832,0.0249580523756364,-0.0272818549505394,0.1676513131553015,1
0.0684155471768033,-0.4301169794886799,0.7625611288694353,0.5411278443902892,0.4582258231576889,0.1034564258630614,-0.3589741579490546,-0.2193897991222853,0.9672378067503372,0.1330593650776028,0.0858994173067941,-0.0317587425297244,-0.3876753548137071,1.1166638266162856,0.2679112313629853,0.5361745833608844,-0.0301932339197742,0.2499302606336012,0.5390099700778667,1
-0.3855004594537672,-0.7986173225365233,-0.4669094966012538,-0.7932144843280465,-0.9817534915688708,-1.2637032988284076,2.041402818136941,-0.5908020621908197,-1.23332430476289,-0.4647303473166893,-0.7632748456988564,0.7467760353649672,-0.8963626458480533,-1.478256274060852,-1.2581831090555402,-1.5499754858521984,-0.0253269439525322,-1.150158591684605,-0.612201866382085,0
0.1470888296327375,2.9192299191244326,-0.0777128350284131,-0.8138046369352923,-1.303643760293831,-1.005015604871677,1.7619938579576184,-1.0997219188381635,-1.6018394909014688,-0.1772219618318155,-0.7719746265670657,-1.5328900296741077,-0.0526617719241149,-2.1609596920694254,-0.9003906560387567,-1.6876201846823955,1.1961118378252398,-0.8125298839741631,-0.4547060074193898,1
-0.1470092000716431,-0.6935893109528578,0.0558190739631054,0.2197205841796251,1.6931028711044376,0.4009946526118287,-1.1347876084209905,0.1973857937866809,1.28310796629769,0.3728869044548364,-0.2299404533434144,-0.8199798007092642,-0.5580155944719973,-0.1516761727171778,-0.3344944293285384,1.2550832014549074,0.1336385283107102,-0.1725946574744839,-0.0465430550339635,1
-0.2384514446015765,-0.6015544554413984,0.7446483118095976,-0.7244132426892013,-0.0518651892494144,-0.8344522901749314,-0.7082353581732072,-0.9820607820645432,-0.6919117681352341,-1.0489986257401576,-0.9489962546680208,-0.8163474456024461,-1.2537104675969517,0.1508488016136356,-0.1008340518481894,-1.0068487920604334,-0.797282742422707,-0.8080587208195803,-0.596618065600513,1
-0.826647504010338,-0.6084119544795071,1.5735232103057315,0.1958661390858649,0.4232046491715296,0.3308741787920556,0.3830924960336906,0.8367252237252655,0.6713173414901854,1.874477729635737,-0.2855434006315349,-0.8441955014213851,0.3410208563272366,0.1023153832717938,0.3044206653442898,2.5657763527360826,-0.2313332192324484,-0.4380699697778443,-0.1970759391793604,1
1.4964797894528374,2.078644905453103,1.2201521828525663,1.5304595672262402,2.050927909658674,2.1729579775169072,0.8149063435835521,0.089647885415656,1.1002357686650122,-0.3949882142040213,1.4566822810629083,3.969885800148278,-0.1643329662206457,2.862249106311194,1.819562175568424,-0.3361596544483263,2.365643526619096,4.198526221524634,2.16635665594925,1
-0.1914946163294491,-0.1254996537958492,0.3782497810401869,0.1214151604511289,0.526745511391479,0.7440164299463948,-0.7111383084088365,0.7119760666640794,1.0392783694541192,0.5508005093340902,-0.1807677788709268,-0.4058913185319943,-0.6563529148226737,1.3560953571027057,0.5928451937965945,0.9043960706773349,-0.3627230483479856,-0.2240130337521874,-0.3330197332313708,1
-0.2697559967829954,-0.7628861433379567,0.686024546886492,-0.0779577806482988,0.7018513813222758,0.006803880868239,-1.0968678209680829,-0.1456743881315838,0.6779672395859189,0.0554890333502487,-0.7848351721983318,-1.139627050109262,-1.2303761881917064,1.281677448978548,-0.2395699009771461,0.7860391640399038,-0.8018246130587997,-0.6504502196205326,-0.5760607113780138,1
1.3070048683547766,0.8074811363889456,-0.7095467458663299,1.3634784515699183,1.8758220397278773,1.2178034152151322,-1.0043362822073978,-0.3271277074933102,0.4380167499648593,0.9635600726539584,-0.0983089862939862,0.4525552717126964,-0.2490030657768212,1.453162193786389,0.3482319861218553,1.5575508517505627,0.836006380249323,0.8082667595621424,0.7840403696008805,1
-1.6582776468298683,-0.898231519090103,-0.6053267193363642,-0.9154999028613228,-1.3546528615345417,-0.851129592056391,-0.4720077827488711,0.3164645346178152,-0.5461681682037357,-0.7372939899917057,-0.4587825153115295,0.6293298869111799,0.6423664075035466,0.3304224494784499,-0.1555982028201461,-0.1169801977123435,-0.9536528600367538,-0.5040196263079424,-0.5309671601802738,0
-0.2466894846493184,-0.4261468484666167,0.3701075914675332,0.4243666131418839,1.4342507155545643,0.3555111020260299,-0.5863114482767755,0.7048880463765108,1.881598794913728,1.3834361801689967,-0.0574578413476119,-0.376832477677449,-0.1696665157989876,1.616558035537256,1.1550904771086827,2.0265948891655663,0.0573999854905837,-0.1183818042251662,-0.0942891680668647,1
-0.5737396745446661,-0.5109632839379619,-0.8105098965672344,-0.2872491489182899,-0.7480252217047207,-0.2543475054118891,-0.8844081505979614,-0.3356333318383918,-0.0518590764208603,0.4796350673823887,-0.5193027300468989,-0.7582297638933556,-0.5176806257857879,-0.2487430094008613,-0.4987868822444075,0.7465868618274276,-0.9953407440894612,-0.6264177176646495,-0.2875946118042356,0
-0.2083825984273196,-0.6185177425356674,1.0003130643909195,-0.5183861669057247,0.2069869663004591,-0.5185311283977371,0.2470167037385662,-0.7963546505302759,-0.81881399012882,-0.6291225182251191,-0.695567855463662,-0.5003325513092663,-0.8620279204374782,-0.0481382135879151,-0.0095604668949282,-0.7087647308994971,0.0071149891624152,-0.6515680104091783,-0.362861053876934,0
-0.7104911393371796,0.0037100649221996,0.0069659365271839,-0.9068369728009572,-1.1793947256298918,-1.0362855458994136,-0.0124344735708043,-0.5553619607529824,-1.0149859839529656,-0.7109627764695756,-0.7663008564356247,0.4259180009293635,-0.3946756386352807,-0.7567261213788049,-1.1559566939078878,-1.0463010942729103,-0.7057964910385551,-0.8785913195831258,-0.6702266565262357,0
-0.196025538355707,-0.7867069294703345,-0.4050288558490862,-0.8817270305969991,-0.4377071669925783,-0.8291458759399216,-0.5324254345279064,-0.4632176970146057,-0.2048067326227365,-1.3884577838497731,-0.4705083069165074,-0.8829406225607789,-0.8546942897672581,-0.8974730345701457,-1.6743906564424105,-1.0287667377340317,-0.6229073519298645,-0.7661415662453656,-0.6997364069424038,0
-0.669712841100858,-0.6419776076660394,-0.7079183079517996,-0.8672888138297231,-0.786396247115643,-1.077031226632525,-1.059492336684355,-0.2406538599849873,-0.5467223263783807,-0.9785448382079728,-0.4387351941804384,-0.0705038636691181,0.0563426475832449,-0.1872673461678614,0.2058451935947675,-0.7876693353244507,-0.615770126644576,-0.9556071049208164,-0.6228121137227296,0
1.1669581875431665,1.546647348496667,-0.2519556918831995,1.1098680353099413,0.2724613350571917,0.8368786790590672,0.6824592390829645,0.0428669515177112,-0.225864743259227,1.3122707382172951,0.5034888989808423,0.7504083904717852,-1.0473687682848545,0.1945288781212928,1.023656514775987,-0.1915012130025779,-0.4175499153122471,0.2309278172266239,-0.1234673482536376,1
0.2179359740433166,-0.3416913339972776,0.9791433715020204,-0.4553602119737897,0.5846065814555682,-0.6354617563620617,-0.6948092133334216,-0.8445531884857346,-0.2890387751686978,-0.4127795746919467,-0.819256044329073,-1.1614211807501709,-0.7886916137352787,-0.3652232134212812,-0.7141925427341043,0.2863100026818638,-0.4175499153122471,-0.8482991892108265,-0.5259936067393466,1
-0.7673336156665974,-0.2897187097084533,-0.5222763856952981,-0.7337039213046659,-0.7833509276385858,-0.9402015452869136,-0.4676533573954272,-0.5284274836602266,-0.7528691673461263,-0.0797253063579838,-0.5329197783623569,1.4090754498414777,0.429024424369876,0.6555963523687897,0.3956942502975509,-0.3273924761788874,-0.5070896507095018,-0.9364928824349744,-0.6102124450057139,0
1.3811472287844524,1.163349244366589,0.401047911843617,0.546149832831081,1.4388186947701502,0.4237364279047282,-0.0432783198243656,-0.4518768645544972,-0.0557381836433717,0.6361990396761323,-0.448947980417032,-0.2448569087963897,-0.1943341825988181,1.029303673600971,0.3847414201031598,1.3164534493409816,0.5813372052969853,-0.135148666054852,-0.0810263588910588,1
0.1475007316351242,0.0629011092511382,0.8179280179634795,0.5084849195251437,1.047495141968283,0.6094609261300734,-0.1212951074069039,0.677953569283755,1.41056434646592,1.2339887520704236,0.1184290327270549,-0.2872343850426014,-1.127372011959981,1.2897663520355218,0.7863451938975079,0.1942546308527515,0.1498594948681842,0.1716849054284002,-0.2047020544554488,1
-0.3855004594537672,-0.0042301971219261,-0.5581020198149735,-1.106184803958181,-1.575895321542757,-1.259344458563935,-0.005177097981731,-1.103974731010703,-1.1668253238055526,-1.1215873765308926,-0.3044559677363379,0.1643884332384559,0.1500131120528722,-0.7470194377104363,0.0269489670863762,-1.326850798894968,-1.2375197747925442,-0.9437026330217394,-1.0345560245856236,0
-1.5499474202020642,-0.8996752030981259,-1.6735819912685126,-0.8561148895489618,-1.0721994800374737,-0.97829401890252,-1.1561968664087567,1.2861057099570432,0.3499056001963874,0.0825319012918947,-0.3808627388397416,0.0433099296778506,1.02304850865769,0.5164672197888435,-0.4695793350593641,1.7942646650254248,-0.9820395515123328,-0.8343268043527549,-0.4006600600279808,0
-1.129395475764848,0.3992794831204725,-1.3397522187897164,-0.9787769572152972,-1.3523688719267482,-0.4497372581367165,0.4066789666981791,0.9643095889014794,-0.2075775234959594,1.2126391194849135,0.8163027588942822,2.577483009201317,0.1576800895717384,1.0616592858288656,3.400420666958905,-0.2134191586761762,-0.5844636611886516,-0.8097354070025489,-0.8033521036283874,0
-1.5367665561256778,-0.1695320160405475,0.2219197412452382,-0.7382237109013783,-1.322067943130028,-0.278794913851756,1.542458246388151,0.6765359652262422,-0.3782582412864589,1.9883424367584583,-0.2825173898947665,1.577374569790719,1.629739773194066,0.1152576281629519,0.0598074576695496,1.3822072863617765,-0.4115481576859817,0.3432657914855196,-0.0627899962743257,0
0.1833362058428011,1.077089124887221,0.6241439061343249,1.5656134863117817,0.972884814780378,1.8280410522412665,0.0927974724707586,1.434954135995959,1.621144452830822,0.6077328628954509,0.8768229736296516,-0.4288962342085092,0.7887056740592989,-0.0918182900955732,0.5015716088433333,1.3865908754964968,1.084187168578671,2.5196044569787515,1.2300023281373536,1
-1.3497630470419395,0.0167032209944056,-1.049890270003249,-0.3630811743742435,-0.9704858095037588,-0.3189720502025448,1.90169833804728,0.9685624010740204,0.0528768185869463,-1.3628382247471609,0.7667518330796985,2.588380074521772,0.5656966323148833,0.616769617695316,1.932741420910468,-1.4907970325334827,0.6170233317234275,0.7769686174800619,0.3722301446921075,0
-0.3822052434346706,0.0733678183093042,1.2690053202884872,0.3013278963424889,0.8678212928219002,0.4142606881993535,-0.0704934782833907,0.4397960876214883,1.0614446964398982,1.1272405891428714,-0.0733443977156464,-0.5075972615229027,0.2466836981603166,0.7801654594461832,0.3409300993255942,2.311528182922342,0.1790572346716368,0.0559935588035674,-0.0717423924679947,1
0.2237026020767358,-0.1713366210505761,1.2559778169722418,0.4758419946599982,0.712509999491976,0.8255077914126177,0.1163839431352467,0.530522747302352,0.2861774101122716,1.4830677989013787,-0.2159451536858603,-0.186739227087299,-0.1126642046804599,0.6798630615397105,0.5161753824358555,1.421659588574254,0.0071149891624152,-0.1329130844775606,-0.2899156034100016,1
-1.3122799648247148,-0.613825769509593,0.9579736786131208,-0.842178871625765,-0.7527454668941594,-0.5043175188396752,1.4408549881411248,0.8778357413931566,0.4524248625056156,0.5721501419196012,0.1672234558574466,0.2721483014073948,1.159720716602698,-0.0368137493081524,-0.3454472595229295,0.9833006751022884,-0.3995446424334513,-0.4431000283267501,-0.4891893112764852,0
-0.8307665240342093,-0.478119472755441,-0.2991803914045901,-0.6492089657883466,-0.6851393745034866,-1.0865069663378997,-0.497045728531174,-0.8686524574634644,-0.971761646330696,-1.0653666773890484,-0.6237001004654109,0.1559129379892135,0.7470373179785038,-0.8101128815548309,-1.079286882547148,-0.1476653216553814,-0.4592377993649543,-0.9088834499554248,-0.3734713012175788,0
-1.3666510291398104,-0.2806956846583102,-0.4929645032337452,2.8148331109587,0.9195917239318748,0.7004280273016711,-0.0414639759270975,2.503827595361132,1.859432467927948,0.7287141142133439,2.180277098492667,2.5944339996998025,0.836040926567082,2.147190076074726,1.0930244393404658,0.6939837922107915,3.4751576391502987,3.3858923181791907,9.015602884564808,0
-0.4365763077497659,-0.6076901124754956,-0.963583060533121,-0.656239749605455,-0.8494343602907298,-0.985495581078605,-0.6235054981707764,-0.8884989142686535,-1.0997721846735704,0.1387526004337387,-0.7144804225684649,0.2418786755172435,0.307019477765308,-0.8376151519485407,-0.8091170710854955,-0.1213637868470639,-0.5083873280340999,-1.1103093500693852,-0.5319618708684593,0
1.3028858483309054,1.3845938185960969,0.1470115971768252,0.2410640350529894,0.9789754537344928,-0.0273087820711099,-0.7608513311939886,-1.1606788933112435,-1.0005778714122089,-0.4462273324092462,-0.7931567017244449,-0.8090827353888096,-0.865694735772588,-0.5658280092342274,-0.8383246182705388,-0.5728734677231877,0.3088249671314267,-0.5006662539420051,-0.3051678339621785,1
-1.3666510291398104,0.4368152673290676,-1.6296141675761833,-0.0343920309244314,-1.0163178676334716,0.9240554843485153,-0.6616067200134113,3.827869785078733,1.3551485290014722,0.1045931882969224,6.859624451563002,0.5893739807361801,3.389811134046849,-1.0463088508184606,0.3299772691312031,-0.5115032198371127,0.9511752428073862,3.8117706086532137,0.8228340864401129,0
0.9156979660870432,0.6696093136227592,1.3260006472970625,1.0094282664941086,1.1464680249726464,1.4907047187299252,-0.3190585922091514,0.2937828696975983,2.768251874344894,0.7642968351891946,0.9471777232595182,-0.6383620453683563,-0.4070094720351963,0.6669208166485524,0.4212508540844643,1.145493473086916,-0.0853445202151848,1.7147950891538275,0.3523359309283988,1
-0.0633930935870642,-0.4564642126350975,-0.7844548899347429,-0.1369661448276004,0.3607755998918543,0.4483733511387025,-1.081990201010482,0.405773590241164,1.0559031146934532,0.3088380066983053,-0.2515007798428897,-1.0100730512994145,-0.7746910460921318,-0.5043523460012275,-0.5462491464201041,0.3827489636456965,-0.4201452699614427,-0.2698424560866622,-0.4742686509537035,1
-0.5263709442701513,-0.5582439352007116,-0.4017719800200249,-0.6915192184020161,-0.4264394849274663,-0.6832194844771503,-0.3480880945654446,-0.5185042552576321,-0.4353365332748397,-0.3302276620279735,-0.5639363884142337,-0.8090827353888096,-0.7290225278275804,-0.4574367082707811,-0.3344944293285384,-0.6473944830134221,-0.6214474649396918,-0.4073307230900867,-0.4520534455842288,0
0.4996769436760842,1.2351725237657276,-0.1819328615583788,0.1116222829915852,0.5693799840702816,-0.3809433878756958,-0.3644171896408594,-1.2599111773371878,-1.1125178226903938,-0.3330742797060414,-0.6985938662004304,-0.6105139895494172,1.259724771196606,-0.4056677287061493,-0.0497208442743637,0.7728883966357452,1.0209253990045233,-0.192714891670107,0.102995118423248,1
-0.1671923981886108,0.0177859840004229,-2.14745742439695,-0.2514674812776496,-0.6172287501651083,0.006803880868239,-0.3680458774353961,0.5120938945546759,-0.6669746502762323,2.329936558126625,0.8961137920765505,0.626908316839968,2.119759640704216,-0.3086008920224658,2.1590999115945557,0.5580925290344827,-0.5770020165722138,0.1627425791192343,-0.6722160779026066,0
1.162839167519296,2.0768403004430747,-1.102000283268232,0.9993842896125256,1.4555679518939657,2.0895714681096096,-1.208994273819265,0.5574572243951078,1.4881464909161473,0.7215975700181735,1.2327574865420423,0.6499132325164828,0.2996858470950877,1.3755087244394415,1.2427131186638138,0.6764494356719124,1.444292626154588,1.8394287620878265,0.4869534440628287,1
2.1308088731289514,1.900349930462276,0.9840286852456124,3.598263307722194,2.073767805736604,4.5684249750356445,1.2122476570853156,2.639917584882428,0.8697059680129089,2.294353837150774,0.8291633045255482,7.071917061370984,1.1130521577922077,4.107940177085132,3.995524440854169,1.3822072863617765,2.2926491771104645,2.3960885748333984,2.559930518241289,1
-0.3616101433153162,-0.504105784899853,-0.13959347578058,-0.6266100178047843,-0.5382027097354705,-0.1683077888870863,-0.2210840217566617,-0.4008431184840117,-0.2641016573096959,0.2120530056439914,-0.3581676583139782,-0.370778552499419,-0.5826832612718281,-0.1969740298362304,-0.3417963161247985,-0.1520489107901018,-0.5867345965066979,-0.4956361953930993,-0.3708187393824176,0
-0.7479742215544044,-0.288996867704442,1.0556799534849632,-0.5384741206688912,-0.8121291966967775,-0.2031785110028655,1.7365930433958616,1.0281017714895877,0.2529279196336035,0.9849097052394692,0.0684998555703755,-0.2884451700782074,1.109718689305744,-0.2244763002299404,0.1109206652433763,1.0227529773147657,-0.6959017014384963,-0.4704859026485705,-0.2000600712439167,0
-0.2256824825275773,-0.4301169794886799,-0.4050288558490862,0.3528032778606033,0.855640014913671,0.9316360761128148,-0.3644171896408594,0.8820885535656974,0.9783209702432264,0.814112644555386,0.3056634470646039,0.0965844712445173,-0.0823296414536411,1.0131258674870238,0.4760150050564209,0.9306976054856524,0.3299122236561426,0.5740895893408622,0.2621488285329187,0
3.2758964397650563,1.776193105772307,1.2934318890064476,3.077232006990062,2.620402651868396,3.073153249527509,0.4665523153080336,0.7119760666640794,1.1722763313687945,0.7073644816278338,0.7936076783685186,-1.1977447318183525,0.3750222348891653,-0.8829130090675935,0.0634584010676806,1.0928904034702798,1.3794087599246927,1.7578300345166882,0.8423967299744264,1
1.5294319496438036,0.4108289551846557,1.1468724766986838,1.3170250584925962,1.0581537601379838,1.4167939490280024,3.0719501517853494,1.3385570600850416,0.4479915971084599,1.7890791992936947,2.4946039637744915,1.2129282740732972,0.1680138418797755,-0.9540953559689612,-0.6484755615677564,0.2994607700860225,1.076076685299934,1.9573556902899505,-0.3499298149305233,1
-0.6186369928048587,-0.6426994496700509,-0.1265659724643346,-0.5937159935175992,-0.5829689060482132,-0.619542513657032,0.0692110018062702,-0.4419536361519037,-0.2607767082618288,0.0618939231259013,-0.4493262317591281,-0.099562704523663,-0.3573407915868883,0.7736943370006041,0.9761942506002912,0.2337069330652277,-0.7736001312487953,-0.4112429908503468,-0.392039234063707,0
1.1999103477341335,1.0630132058089976,0.326139767775204,0.5612157981534559,0.7551444721707791,0.0181747685146888,0.4683666592053022,-0.3654030170461744,0.1021968961303051,0.1693537404729703,-0.0150936910328534,0.3823297396475453,-0.1900006735664154,1.2849130102013373,1.169694250701205,0.3257623048943411,0.3899297999187955,-0.5023429401249736,-0.1271146207769842,1
0.0939534713248029,0.0549608472070123,0.5818045203565261,0.3967456767175299,0.1201953612043249,-0.0923123564499808,1.820052862670205,-0.9125981832463824,-0.8581592205285781,-0.1366576599193456,-0.2064888701334588,0.4404474213566359,0.7760384938107373,0.1929110975098982,0.9615904770077692,-0.0775278954998674,0.9430647595286497,0.2432235159017267,0.7233630176215686,1
1.2369815279489715,0.5209098607964011,0.770703318442089,0.7281969138097777,1.23325963006878,0.3081324034991561,-1.0037919790382177,-0.9225214116489768,0.4950950419532408,-0.4319942440189065,-0.1732027520290057,-0.1092489848085115,-1.0563691331983065,1.7071537497753606,0.5161753824358555,-0.3273924761788874,0.0330685356543733,-0.394476129020661,0.1726248665962289,1
-0.502068726129313,-0.3875283012520044,0.7853592596728654,-0.3596913321767092,0.0897421664337516,-0.1874487830919432,0.5173539444315468,0.1761217329239789,0.4801327712378396,-0.6148894298347783,0.2527082591711556,-0.1165136950221479,0.0236746564159016,0.1152576281629519,0.4322036842788554,-0.0862950737693069,0.183923524638879,-0.0306352273164764,-0.1612663544046845,0
0.1565625756876401,0.3837598800342262,-1.21110562354179,0.1363555760624839,0.3820928362312555,0.5601870796621243,-0.8702562681992687,0.0939006975881967,0.04345612961799,1.1984060310945728,0.3956872664834655,0.4513444866770904,-0.5110136888128606,0.4048403576026071,1.1112791563311182,-0.2046519804067367,0.7192154210355123,1.0418850343890995,0.4133448531371057,0
0.1071343354011895,-0.119363996761752,0.559006389553096,-0.7254176403773597,-0.6874233641112798,-0.3464516953481317,-0.1920545194003685,-0.5865492500182798,-0.6364959506707861,-0.4711352370923419,-0.3411463479196555,0.0372560044998206,-0.7243556719465313,-0.6127436469646746,-0.462277448263103,-0.9147934202313206,-0.5174710693062851,-0.4078896184844096,-0.6858104573078077,0
0.3390351627451203,-0.3330292299491402,0.0265071915015526,0.2937949136813015,0.5023829555750204,-0.0140427464835854,-0.6813830684936358,-0.2590827127326624,-0.8681340676721787,-0.3103013382814969,-0.6252131058337952,0.5046190282437566,0.94704542716632,-0.5577391061772538,-0.3454472595229295,-0.2923237631011298,0.9463089528401444,-0.0580211016382968,0.444844024929645,1
-0.2977653329453177,0.001905459912171,-0.5418176406696662,-0.7054552363252129,-0.2208804202260963,-1.0194187292238466,-0.1158520757150987,-1.363396273535673,-1.2128204523010446,-1.6233037422903875,-0.8926368046957082,-1.1929015916759282,-0.8533609023726728,-1.413545049605063,-1.553909524304106,-1.392604635915763,-0.1583388697238168,-0.8438280260562435,-0.6072283129411576,0
-0.2211515605013194,-0.3976340893081647,0.04279157064686,-0.6159382923681022,-0.5404866993432634,-0.430027719549537,0.2833035816839328,-0.8076954829903844,-0.992819656967186,0.4155861696258575,-0.748144792015014,-0.2061117876569959,-0.3856752737218289,-0.3603698715870976,-0.6338717879752342,0.067130545945881,-0.3941917234694849,-0.5906484124279863,-0.4368012150320519,0
0.3431541827689909,0.2585202923382403,-0.2356713127378921,1.0194722433756922,1.4753625284948382,0.965748739052164,-0.4580373347399049,0.0060092460223589,-0.0889876741220406,0.5365674209437504,-0.103982756425427,-0.6734748114009319,0.73637021882182,-0.1079960962095205,0.1583829294190719,0.9964514425064472,1.0890534585459128,0.6523349445460634,0.5562516220064143,1
1.6653596104315431,1.2719864659703115,0.9628589923567132,0.7244304224791837,0.6500809502123008,0.5109132331941758,0.5300543517124249,-0.8941693304987073,-0.01473047871968,-0.3971231774625725,0.2330391893821606,0.7298250448664824,-0.3416734897005096,1.2752063265329692,1.0346093449703782,-0.586024235127347,0.1449932049009419,0.5221123176688358,0.3457045263404959,1
-0.5840372246043433,-0.1410192568820954,-0.7746842624475583,-0.8022540635214714,-0.8494343602907298,-0.6400101114206417,0.5336830395069616,0.5035882702095963,-0.5644553879670033,0.5792666861147705,-0.1463469067401856,0.2007119843066377,-0.5360147024613375,-1.089988927326118,0.322675382334942,-0.8052036918633292,0.5505173688377853,-0.7650237754567197,-0.6824947550138561,0
-1.2298995643472972,-0.2532656885058753,0.0997868976554346,-1.0291349463053354,-1.382517534749616,-0.9727980898734028,1.4989139928537112,0.8650773048755361,0.3288475895598969,0.4298192580161982,0.7081228750548096,-0.3066069456122979,1.3630622942769774,-1.5639986464647724,-1.6853434866368016,-0.0336920041526708,-1.0618467069751036,-0.6062974834690263,-0.8815032066968236,0
-0.7261434154278886,-0.626818925581799,-1.386976918311107,-0.5880662565217086,-0.4585676054104212,-0.5513171877783339,-1.2296777942481238,0.4284552551613809,0.2002828930423776,-0.4647303473166893,-0.4705083069165074,-0.4882247009532059,-0.2960049714359582,-0.2082984941159932,-0.6995887691415821,0.4704207463400895,-0.7967961134259828,-0.6806305709139673,-0.4961522860937833,0
0.1034272173797061,-0.4174847444184795,0.843983024595971,0.063787843093045,0.6378996723040716,0.1849477873292842,1.1505599645781923,0.1562752761187898,0.5311153233051319,0.0825319012918947,0.2485474944080991,-0.7170630726827498,0.3213533922571014,-0.2956586471313085,0.246005570974203,0.4704207463400895,0.3964181865417847,0.1940407212013148,0.0436440473615166,1
-0.1614257701551915,0.1852533289310785,1.5621241449040164,-0.0320065864150554,0.0577663119246497,-0.3644556007883436,0.1327130382106618,-0.5794612297307122,-0.55281806629947,-0.1053448654605963,-0.5446455699673348,-0.7134307175759316,-0.3896754359055855,-0.4040499480947548,-0.7397491465210175,-0.2572550500233728,-0.3041653590755057,-0.5923250986109547,-0.1798342872508127,1
-1.984504032720442,-0.6535270797302226,-0.9994086946527972,-1.1148728439607505,-1.7450628184932917,-0.5431680516317116,0.5282400078151568,2.1806138702480555,0.5471859103698217,1.468834710511039,0.1154030219902867,0.7322466149376943,1.0497162565493987,0.0505464037071629,0.4322036842788554,1.1411098839521967,-1.9134474512424744,-0.8181188379173918,-1.057500684459768,0
-0.6075156387404076,-0.7679390373660369,1.166413731673053,-0.8156878826005891,-0.6135743667926393,-1.212155274831169,0.6425436733430612,-0.8544764168883291,-0.8404261589399546,-1.1550351342481922,-0.8559464245123906,-0.7352248482168405,-0.6536861400335028,-0.3344853818047821,-0.2651265047640595,-0.8797247071535635,-0.810908354330985,-1.083147033905294,-0.7030521092363553,0
-1.154109595908073,-0.8116104786087294,0.1877225450400931,-0.3422399223449583,-0.2606218394016946,-0.1396910549768546,0.0093376531964156,0.0598782002078724,0.0528768185869463,0.2946049183079656,-0.0850701893206242,-0.5390776724486601,0.672367623881719,-0.450965585825202,0.4869678352508121,1.0315201555842053,-0.1096759700513956,-0.196627159430367,-0.0531744596218664,0
-1.0115915030821407,-0.1810814881047307,-0.3854876008747181,-0.7388514594564771,-1.2573549042425596,-0.3517581095831416,0.5754129491441333,0.2852772453525187,-0.4669235492295751,0.2511939987174278,-0.1300820990300551,0.793996651753603,0.1846811843120937,-0.1209383411006778,1.4800244395422928,-0.4589001502204771,-0.5161733919816872,-0.1837725653609411,-0.1025784238017434,0
-0.196025538355707,-0.0518717693866818,-0.5336754510970131,1.4852616712591158,1.2789394222246402,1.3675201025600532,-0.5316996969689991,2.001995759001356,3.133996269610252,3.091406787009831,1.2494005455942687,-0.6141463446562354,0.0403419988482195,0.3983692351570281,0.4139489672882032,2.35974766340426,0.3380227069348794,0.2035419429048034,0.7571831810198737,1
-0.6919555492297604,-0.3579327790875352,0.5834329582710571,-0.22723638705083,0.1095367430346244,-0.0500505573640094,0.7985772485081374,0.3405638035955431,0.3892508305961448,1.2695714730462742,0.0170576730453115,-0.5923522140153263,0.4996939562829045,-0.1532939533285723,-0.0387680140799716,1.5970031539630405,0.354243673492353,-0.1329130844775606,-0.0810263588910588,0
-0.5337851803131186,-1.0296067638201862,0.2951994473991202,-0.7830449577354436,-0.4596334672273913,-0.6858726915946552,-0.5850414075486878,-0.3030284385155813,-0.6702995993240993,-0.8248274835922982,-0.9225186607212968,-0.9725387151956268,-1.1947080753865458,0.1330532148882937,-0.7653057503079299,-0.6123257699356645,-1.0118861299780846,-0.8387979675073378,-0.6705582267556308,0
2.5056396953012023,2.9228391291444904,0.3798782189547178,4.238566833923126,2.685877020625128,3.2683534874582283,0.5953707320140847,1.0763003094450452,0.772728287450125,2.57901560495758,0.4698245295342929,1.2807322360672355,-0.1753334122259756,1.8673140303034383,2.7176942515085125,1.6539898127143955,2.109352255011011,3.420543832627208,2.390829701249765,1
-0.802757187871887,-0.616352216523633,0.5655201412112187,-0.4704261772961646,-0.4846050869392612,-0.731356242180454,-0.4186660721691824,0.3533222401131655,0.2423989143153578,-0.6241409372885,-0.4984989062316157,-0.5887198589085083,0.6907017005572686,-0.1160849992664941,-1.1851642410929313,1.645222634444956,-0.8696282532690399,-0.5537613164026771,-0.2474746140474228,0
-1.2138353862542008,-0.0078394071419834,-0.6851201771483695,-0.5707403964009775,-0.9328761139621008,-0.3847336837578456,0.3758351204446173,1.1131580149403977,0.0406853387447679,0.5223343325534098,0.3189022440379657,1.4853549070846586,2.269765722595078,-0.5949480602393319,-0.8310227314742777,0.6282299551899967,-0.2540425724129118,0.2147198507912607,-0.1549665200461766,0
-0.404447951563573,-0.2265575343574519,-0.0337450113360839,0.2222315784000208,-0.0625238074191149,0.3138178473223809,1.0634714575093127,1.120246035227964,0.0506601858883685,0.2113413512244746,0.7928511756843267,0.1086923216005777,1.9564196848674995,-1.091606707937513,-0.2797302783565817,-0.1608160890595401,1.8092643736977472,0.8350937384896396,0.6338390556848789,0
0.2414143881793803,-0.1529296499482842,-0.3170932084644278,2.655384977963565,0.5465400879923515,2.25444933898313,0.4955818176643269,2.111151271429894,1.344065365508583,-1.280286312083187,3.474274939803282,0.6196436066263314,-0.5810165270285964,-0.8133484427776199,-0.3929095236986251,-1.879621388783116,1.8043980837305047,2.737573660764669,3.700532107360596,0
-0.9609275567885288,-0.2583185825339554,-0.4766801240884379,-0.3018129153965857,-0.8107588029321018,0.4919617537834263,1.1668890596536077,2.1295801241775703,0.3499056001963874,1.1272405891428714,1.133655634912875,0.2818345816922433,1.613072430761748,-0.8376151519485407,0.402996137093812,-0.1038294303081848,0.5910697852314697,0.670219597164395,0.4647382386933537,0
-1.4881621198440012,-0.8614175768855191,-0.9863811913365512,-0.5961014380269751,-0.1462700930381917,-0.4232051869616672,-1.143859327907332,1.918357119608059,0.9838625519896712,1.326503826607636,0.0041971274140454,-0.4192099539236608,0.4066901855105694,0.0408397200387947,-0.5937114105957997,1.7548123628129473,-0.2264669292652065,-0.1871259377268783,0.0230866931390174,0
-0.6359368769051166,-0.3369993609712031,0.0769887668520045,-0.6970434056868869,-0.6415913059815668,-0.4899143944875053,-0.5336954752559943,-0.1215751191538539,0.0811388854938146,0.0939183720041674,0.0231096945188484,-0.9398475192342634,0.2540173288305366,-0.7486372183218313,-0.4513246180687119,0.7728883966357452,-0.6626487199956751,-0.0228106917959564,-0.4490693135196723,0
-1.3687105391517456,-0.3319464669431231,-1.4016328595418832,0.0480941292155711,-1.1594478830551664,0.3782528773189292,-0.4317293482295143,1.2520832125767187,-0.372716659540014,-0.1238478803680393,0.6831582864764698,0.3992807301460301,3.769826541503701,-2.020212778878084,-1.849635939552672,-0.6342437156092627,1.8303516302224627,2.3541714202591835,2.0138343504274823,0
0.2747784503727345,0.0773379493313671,0.2756581924247521,1.0069172722737132,1.3413684715043157,1.147682941395359,-0.4861596651475641,0.6921296098588904,1.2498584758190212,1.4119023569496771,0.0337007320975379,-0.5475531676979025,-0.0186603933621862,1.1069571429479177,1.260967835654466,2.429885089559773,0.1482373982124369,0.0084874502861239,-0.059142723750979,1
0.5655812640580186,0.5299328858465444,0.7853592596728654,1.563102492091386,1.352027089674016,1.342883179326079,-0.2628139313938331,1.4902406942389854,2.286134262404198,1.362086547583487,0.8280285504992598,-0.67710716650775,0.5526961052176756,0.6038273728041588,1.0382602883685093,2.329062539461222,0.341266900246374,0.7982066424643306,0.9153421804413588,1
0.9156979660870432,0.5248799918184641,0.3505663364931645,-0.1992388014934167,0.0592889716631782,-0.7034975674466523,-0.005177097981731,-1.7787542623871253,-1.26546547889227,-0.8782015650560743,-0.7159934279368491,3.5836453737899463,-1.0057004122040596,3.2052185959268757,1.1587414205068136,-1.1032877530242655,-0.3135735196788403,-0.9532597442646604,-0.2978732889154852,1
-0.7673336156665974,-0.95417427440099,-1.5807610301402617,-0.6739422588592454,-0.3810642247193119,-0.7105096148286295,-1.3719223557939606,-0.2364010478124475,0.071164038350214,-0.1871851237050537,-0.6010050199396474,-0.8599357068842638,-0.3336731653329967,0.1864399750643192,-0.5279944294294519,0.9833006751022884,-0.8655730116296715,-0.5694103874437174,-0.5555033571555147,0
1.2122674078057465,1.110293857071747,-0.1265659724643346,0.7143864455976005,0.8038695838036961,0.1072467217452114,0.6606871123157445,-0.0946406420610982,0.0340354406490336,0.6433155838713017,0.2931811527754339,-0.0111753969244215,0.3536880365757983,-0.0109292595258369,0.5636376466115511,0.7860391640399038,0.6835292946090699,-0.2497222218910391,0.0506070221788146,1
3.057588378499899,3.983946875041316,-0.2747538226866296,4.243588822363918,1.6778762737191508,3.455973133624649,3.452962370211698,0.84664845212786,-0.2136732634170486,3.4401174525731677,2.299804522595022,3.01820876216192,5.429893847762576,0.5197027810116325,3.079137647923427,1.6320718670407972,1.0420126555292393,4.056566791366628,3.179966847210215,1
0.0951891773319642,-0.4052134303502849,-1.579132592225731,-0.0047622991237608,0.1141047222502103,0.1053515738041364,-0.6528978693065233,0.173286524808951,-0.2153357379409814,0.977793161044299,-0.3732977119978204,-0.1746313767312386,-1.0743698630252096,-0.0190181625828106,0.1620338728172019,-0.0468427715568295,0.0330685356543733,-0.7108109222074019,-0.1019152833429531,0
-0.2417466606206738,-0.870801522937668,-0.4766801240884379,-0.0989245823886037,-0.3780189052422547,-0.5892201465998329,-0.1394385463795872,-0.64750622449136,-0.4248075279565949,-1.794100802974471,0.106324989779981,-1.0246024717266868,-0.3740081340192065,-1.3795716567657734,-1.4224755619714102,-1.3093164423560897,-0.2297111225767011,0.4036264940723887,0.5860929426519778,0
-0.1453615920620951,-0.6737386558425431,-0.3415197771823889,-0.9365922543126476,-0.96789728794826,-0.8145532367936444,-0.6545307788140647,-0.5525267526379555,-0.671962073848033,-0.6056379223810578,-0.7893741883034844,-0.9773818553380508,-0.8140259742324023,-0.8683529835650408,-0.7214944295303654,-0.7306826765730954,-1.1325701211656891,-0.9115102583087424,-0.7548765360908168,0
-0.1733709282244168,-0.6286235305918276,1.6223763477416524,-0.4513426212211564,0.2785519740113061,-0.4874507021641081,-0.3843749725108112,-0.2123017788347176,-0.2740765044532965,-0.2690253819495102,-0.8812892644328265,-0.8853621926319909,-0.9843662138906926,0.920912372637524,-0.1848057500051894,0.6457643117288758,-0.7974449520882818,-0.767818252428334,-0.4620005524660831,1
1.294647808283164,1.0265601846064196,0.0085943744417149,0.0490985269037294,0.1095367430346244,-0.4559912463422637,0.2270589208686148,-1.7518197852943695,-1.027177463795144,-1.0098576326667212,-0.4194443757335395,-0.0293371724585124,-0.87102828535093,-0.0966716319297569,0.4906187786489421,-1.326850798894968,0.2942260972297004,0.1023818765323651,0.2820430422966274,1
0.3134972385971207,0.0928575524176133,-1.1964496823110138,0.3138828674444681,0.4216819894330011,1.4471163160852014,-0.2700713069829064,0.2654307885473296,-0.3411296435852786,1.326503826607636,0.4497772084032018,0.3617463940422424,0.6550335877521083,-0.502734565389833,0.6914206655461167,0.2731592352777051,1.7492467974350938,0.9150157798778092,0.0048503305222842,0
1.5829792099541256,0.3252906777092992,1.286918137348325,2.080367301492924,0.8921838486383588,1.0339740649308624,-0.0323922564407557,-0.2364010478124475,0.0390228642208343,0.3657703602596671,-0.2159451536858603,-0.5766120085524479,-0.6693534419198818,0.6539785717573952,1.425260288570336,-0.2134191586761762,-0.2216006392979643,0.3527670131890081,0.519115756314158,1
-0.5309018662964092,-0.7387044362035732,-1.2811284538666108,-0.756428418999248,-0.4984612905598722,-0.1753198362690638,-0.726741665925344,0.2711012047773833,0.4690496077449504,0.7287141142133439,0.131667829700417,0.7358789700445127,-0.0893299252752145,0.9192945920261294,0.249656514372333,0.4528863898012105,-0.6005224180805506,-0.0513143569064225,-0.7199621909355077,0
0.4008204631031835,0.2494972672880972,0.0525621981340441,0.7256859195893818,0.5602440256391097,0.3403499184974304,-0.7818977204023011,-0.6857815340442242,-0.2081316816706036,0.913744263287768,-0.5045509277051525,-0.7957640999971431,-0.2670037956037248,-0.103142754375336,0.4358546276769854,0.9745334968328488,-0.1404958065105956,-0.5945606801882461,-0.1247936291712183,1
0.586176364177373,0.1011587354637448,0.9775149335874896,0.1946106419756669,0.2526667584563191,0.455953942903002,0.0873544407789534,-0.5511091485804426,-0.4297949515283956,0.3159545508934757,-0.5378370458096057,-0.6286757650835079,-0.7213555503087139,0.9370901787514712,1.271920665848857,0.3126115374901824,-0.4160900283220744,-0.3329976356451459,-0.3217463454319357,1
0.413177523174796,-0.337360281973209,-1.0466333941741877,-0.2190756558345436,0.3470716622450962,-0.184227031592116,-0.7281931410431587,-0.7892666302427083,-0.7334736312335701,-0.1238478803680393,-0.5541018535197362,-0.466430570312297,-0.6080176217689514,-0.2875697440743349,0.015996136891985,-0.441365793681598,0.1433711082451946,-0.5772349229642374,-0.5011258395347106,0
1.162839167519296,0.6883772057270567,0.930290234066099,0.3327153240974367,0.3546849609377395,-0.1374168774475647,-0.0269492247489509,-0.7835962140126546,-0.4347823751001954,-0.1466208217925839,-0.6013832712817435,-0.6807395216145683,-0.3466736924302048,0.336893571924029,-0.4367208444761907,0.6194627769205572,-0.4295534305647775,-0.6292121946362638,-0.1108676795366221,1
-0.422159737666218,-0.6080510334775014,1.25272094114318,-0.5234081553465163,-0.3242690164721927,-0.8856212845839551,0.2960039889648109,-0.3044460425730942,-0.1815320892876682,-0.4134912291114634,-0.4410047022330149,-0.4930678410956303,0.1526798868420429,-0.1160849992664941,-0.8273717880761476,0.4178176767234535,-0.4665372343158175,-0.7521691813872939,-0.2842789095102842,1
-0.7104911393371796,0.1578233327786436,-0.0321165734215529,-0.6638982819776621,-0.6840735126865166,-0.8223233433520518,2.3425839050834822,-0.4745585294747132,-0.5827426077302718,0.6219659512857917,-0.0332497554534643,-0.8417739313501732,-0.154332560761255,-1.923145942194401,-1.7255038640162372,-0.2309535152150553,0.2066328778193422,-0.6526858011978242,-0.1748607338098854,0
-0.7788668717334359,-0.8274910026969812,-0.59555609184918,-0.6750722062584236,-0.4544564241163937,-0.6718485968307005,-0.4046956241602162,-0.5879668540757929,-0.9030460326747805,0.0021149518864726,-0.8347643493550113,-0.6698424562941137,-0.6360187570552456,-0.3636054328098866,-0.2833812217547117,-0.586024235127347,-0.5181199079685841,-0.5738815505983003,-0.5820289755071265,0
0.2010479919454455,3.215185140769126,-0.6916339288064922,0.8173372086338291,0.7932109656339954,0.4957520496655763,0.4266367495681304,-0.0903878298885574,-0.6913576099605891,1.447485077925528,-0.3434158559722319,3.7701062692732794,0.9863803553065904,0.8303166583994195,0.5307791560283777,0.3827489636456965,2.630045281505917,0.5209945268801901,1.1232367142721162,1
-0.7813382837477586,-0.2409943744376808,-1.6133297884308762,-0.5329499333840204,-0.4339005176462566,0.1754720476239097,0.228873264765883,-0.2945228141704997,-0.8925170273565355,1.426135445340018,-0.1334863611089195,-0.5741904384812354,1.4097308530874684,-1.2922115037504585,-0.148296316023885,0.1898710417180311,1.2739724773011138,0.5310546439780016,-0.3323565927725805,0
-1.2657350385549735,-0.7448400932376705,-1.885278920157505,-1.1148728439607505,-1.7450628184932917,-1.2000263280082892,-1.3078760162203888,0.2016386059592216,-0.1349828026175323,-0.2747186173056462,-0.2174581590542444,0.2697267313361824,-0.3336731653329967,0.3304224494784499,0.3336282125293331,-0.3931463131996823,-1.9134474512424744,-1.1078502103343644,-1.057500684459768,0
0.540867143914793,1.0817810979132951,-0.066313769626698,0.0711952760432125,0.1064914235575669,0.1773671955649844,0.2089154818959316,-0.0450245000481256,-0.1311036953950209,0.0604706142868679,-0.1365123718456881,-0.2170088529774503,-0.0903299658211537,-0.1759428818880986,0.1802885898078541,-0.0424591824221104,-0.02046065398529,-0.3408221711656659,-0.0405747909048508,1
-0.7541527515902109,-0.4362526365227771,0.1763234796383786,-0.8598813808795556,-0.7702560538872393,-0.179678676533536,1.2539775667224868,0.4001031740111102,-0.1654615022229784,0.913744263287768,-0.1017132483728507,0.2757806565142128,-0.125664731777668,-0.5124412490582011,-0.6083151841883209,0.391516141915136,-0.3692114349709751,-0.4542779362132073,-0.6735423588201871,0
-0.3389555331840265,-0.6888973379267834,-0.6281248501397942,-0.5004325582298946,-0.204131163102281,-0.1753198362690638,-0.8085685756921456,-0.0634533527958007,-0.1532700223807999,-0.6824965996888952,-0.7216671980682899,0.0602609201763355,-0.572349508963791,1.0487170409377076,-0.1227397122369716,-0.0512263606915487,-0.6832493475236667,-0.5504079440367399,-0.5568296380730952,0
-0.976579832879238,-0.5510255151605971,-0.807253020738173,-0.8322604444552015,-1.2253790497334578,-1.003499486518817,0.0401814994499773,-0.8388827722556809,-0.9008293999762026,-1.3115991065419357,-0.5427543132568544,-0.464009000241085,-0.1646663130692921,-0.971890942694303,-1.5064472601284105,-1.0857533964853872,-1.0031268080370488,-0.4285687480743557,-0.3883919615403604,0
-0.5708563605279567,-0.0323820352783726,-1.492825382755603,-0.6490834160773269,-0.8250718044742712,0.4786957181959015,-1.021572549231447,2.2103835554558398,1.0891526051721223,1.3407369149979758,2.128834915967604,1.2988940116013266,1.0430493195764718,-0.2810986216287558,0.6695150051573344,0.4397356223970518,-0.1129201633628902,1.2257616191213216,-0.1327513146767017,0
-0.5346089843178932,-0.3084866018127511,0.114442838886211,0.9679968618575776,1.0946975938626715,1.244335486390182,0.379463808239154,1.5469448565395247,1.0559031146934532,0.9066277190925977,0.3177674900116777,4.327067385652063,-0.5380147835532156,4.648278901290969,3.1631093460804265,0.2687756461429859,1.076076685299934,0.6065055222115885,0.4839693119982721,1
0.2418262901817676,0.0607355832391039,-0.0337450113360839,0.0213520407683556,-0.4652673082599473,0.234221633797233,1.2557919106197557,0.3022884940426799,0.456303969728127,-1.0660783318085665,2.10803109215232,1.5761637847551129,-0.4170098774945869,-0.0788760452044151,-0.2468717877734072,-1.4320569381282398,0.5634941420837644,1.3017713927492311,0.7008162420226987,0
0.0824202152579644,-0.5939751143992782,-0.9489271193023446,-0.0493324465357864,0.689670103414046,-0.0424699655997097,-0.8662647116252784,-0.2817643776528784,-0.3943288283511488,0.2376725647466038,-0.4792080877847168,-0.7267493529675981,-0.4450110127808812,-0.3393387236389658,-0.3198906557360162,-0.0336920041526708,0.5083428557883537,-0.1401787246037578,-0.0249909901232789,0
-0.1585424561384816,-0.5600485402107402,-0.5239048236098285,-0.7531641265127333,-0.8285739218728871,-0.7690696862078457,-0.8336065214744485,-0.9919840104671376,-0.7650606471883055,-1.2041392891948668,-0.6880028286217408,-0.8780974824183547,-1.4010497746986432,-0.8910019121245671,-1.2362774486667578,-1.5455918967174784,-0.9680895202729054,-0.5341999776013769,-0.4673056761364055,0
-0.3484292792389291,0.0542390052030009,-0.2552125677122609,-0.7211489502026868,-0.786396247115643,-0.5391882409554541,0.1907720429232483,-0.2732587533077977,-1.0859182303074584,1.219755663680084,-0.8555681731702944,1.085795845334662,-0.0079932942055027,0.4776404851153698,2.659279157138426,-0.1169801977123435,-0.0431700071657532,-0.7857029050466657,-0.4112703073686256,0
-1.5940209344574827,-0.7639689063439739,0.6583411023394695,0.5436388386106851,-0.5453592105065551,0.4957520496655763,1.3519521371749763,2.8086124677265327,3.5828643910722797,-0.1644121822805092,3.0203733292880126,0.3084718524755762,1.7964131975172464,0.681480842151105,1.498279156532945,1.3427549841493005,-0.2556646690686591,1.6030160102892548,1.5131633040408097,0
-1.1611119299486534,1.5134426163121404,-1.0075508842254508,4.042709284732253,0.6470356307352434,1.0529255443416117,2.625621553057341,4.275832667252996,2.324925334629312,0.7714133793843649,9.85159256754282,1.8062129415202623,1.3097267984935603,0.3352757913126345,2.6884867043234704,-0.1388981433859418,6.649600794447907,3.933609804615597,12.072680399588068,0
-0.8690734102562081,-0.6499178697101653,-1.527022578960748,-0.8660333167195252,-0.9066863664594076,-1.008426871165612,-0.7898808335502818,-0.2477418802725549,-0.899166925452269,0.0839552101309291,-0.8230385577500334,0.4041238702884541,0.6593670967845107,-0.0675515809246524,0.0671093444658107,0.0758977242153205,-0.578137484231237,-0.9217939335642832,-0.6609426901031716,0
-0.2742869188092534,-0.4842551297895382,-0.8430786548578485,0.0518606205461648,-0.2647330206957219,-0.3669192931117411,-0.7695601819008766,-0.1031462664061788,0.1321214375611069,-0.1793569250903657,-0.1194910614513655,0.86543296885436,0.514361217623344,1.5340512243561253,0.0379017972807673,0.6764494356719124,-0.3666160803217795,-0.2966694350141597,-0.0472061954927537,0
-0.5642659284897634,-0.6683248408124572,-0.0744559591993517,-0.6271122166488634,-0.4948069071874034,-0.7116467035932746,-0.425560578978802,-0.0733765811983952,-0.1455118079357772,-0.6988646513377861,-0.4958511468369432,-0.3090285156835103,-0.5076802203263969,0.3433646943696081,0.5782414202040733,-0.467667328489916,-0.628098061228256,-0.5509668394310628,-0.3963496470458439,0
1.0475066068509111,1.465801044047385,-0.0923687762591895,1.2140742954563677,0.5617666853776382,1.1780053084525586,0.3322908669101774,-0.161268032764232,-0.3638501287457019,1.077424779776681,0.443725186929665,-0.3344550014312372,0.6653673400601453,-0.7081927030369631,0.5818923636022033,0.4134340875887343,1.072832491988439,1.3448063381120918,0.6686539297713694,1
0.6767948047025324,0.2660996333803605,0.3896488464419019,-0.4682918322088282,-0.4605470630705083,-0.6085506555987973,1.5297578391072726,-1.4342764764113476,-1.3424934651678524,-1.5592548445338563,-0.8608636919596393,-0.6468375406175988,-1.199374931267595,-0.604654743907701,0.1182225520396374,-1.95633419864071,-0.1129201633628902,0.0632591989297647,-0.0442220634281974,0
-0.6231679148311167,-0.8047529795706206,-1.1834221789947676,-0.8672888138297231,-0.6753943521769031,-0.9841689775198526,-0.886041060105503,-0.5284274836602266,-0.2751848208025858,-0.2313076977151083,-0.4784515851005245,-0.7134307175759316,-0.5043467518399334,-0.6256858918558319,-0.8091170710854955,-0.2134191586761762,-0.8959062190921473,-0.8768587438607249,-0.7809047990983358,0
-0.9588680467765937,-0.4452756615729202,-1.2176193751999127,-1.0760779832556353,-1.1431554238529094,-1.2728000089455676,-0.8263491458853752,-0.7609145490924386,-0.3932205120018595,-1.509439035167666,-0.4273876539175568,-0.5051756914516907,-0.2996717867710681,-0.263303034903414,-1.3494566940088013,-0.6693124286870203,-1.3333856871472136,-1.0811350104857316,-0.9966575473657584,0
-0.6536486630077616,0.3487505428396713,0.0867593943391892,-0.2557361714523224,-0.5407912312909692,0.1849477873292842,0.8638936288097971,0.2455843317421406,-0.225864743259227,0.8923946307022569,0.4789025617445985,1.6258059712149608,0.7973726921241042,0.432342627996318,0.6622131183610733,0.1504187395055549,-0.0447921038215005,-0.0798180220168886,0.3241524614298112,0
1.4140993889754192,2.1468589748321847,-1.2811284538666108,0.382935208505353,0.9607035368721488,0.2683342967365821,-1.058222295956267,-1.5646960497025884,-1.187883334442043,-0.6703984745571057,-0.1637464684766043,1.334006777633902,0.7883723272106522,-0.7405483152648576,-0.2578246179677984,-0.8753411180188438,2.618690604915685,0.2834639842929731,0.3828403920327523,1
1.5953362700257374,1.1954712135450982,0.116071276800742,2.033913908415601,1.6763536139806223,1.1799004563936333,-0.3063581849282729,-0.2803467735953654,0.4590747606013498,1.1130075007525315,-0.1803895275288307,-0.4458472247069941,-0.9946999661987296,1.2007884184088118,0.7863451938975079,0.5011058702831275,0.2001444911963527,-0.1513566324902152,0.2783957697732808,1
-0.4991854121126036,-0.3979950103101704,0.4889835592282754,-0.4406708957844742,-0.4973954287429021,-0.0538408532461592,0.7967629046108688,0.6822063814562959,0.3809384579764778,0.3444207276741561,0.5874606969261672,-0.2121657128350259,1.4330651324927133,-1.0236599222589342,-0.9515038636125832,0.5624761181692018,-0.0723677469692058,0.3505314316117167,-0.0213437175999323,0
2.4768065551341056,0.934886250096966,0.4140754151598624,0.5474053299412788,1.8270969280949605,0.1925283790935842,-0.6545307788140647,-1.030259320020002,0.4391250663141478,-0.8518703515339441,-0.0207674611642944,-0.1189352650933599,-0.710355104303384,1.1134282653934966,-0.0387680140799716,-0.4194478480079997,0.7192154210355123,-0.0021315622060103,-0.121809497106662,1
0.1454412216231889,-0.7982564015345176,0.0232503156724913,-0.8704275566052179,-0.8689244049438968,-0.9631328353739206,-0.2755143386747116,-1.4371116845263745,-1.2798735914330264,-0.8646801310852513,-0.8604854406175432,-0.1576803862327537,-1.13570568317614,-0.4121388511517284,-1.0829378259452789,-1.2216446596616966,-0.8701148822657641,-0.977795252075434,-0.78335841879586,0
-0.9555728307574968,-0.8386795537591586,-2.2239940063798938,-0.7971065253696601,-1.0441825408485463,-0.8903591544366425,-1.4704412294156308,0.1704513166939251,-0.3854622975568367,-0.0299094969917934,-0.6335346353599084,-0.9689063600888084,0.2560174099224148,-1.3116248710871954,-1.5721642412947583,0.4923386920136878,-1.0465989984110784,-0.8753497262960532,-0.6931050023545009,0
0.71386598491737,0.6995657567892342,0.1014153355699656,-0.0574931777520728,0.499337636097963,-0.2372911739422145,0.3159617718347627,-1.0571937971127583,-0.6464707978143868,-0.548705568819696,-0.1141955426620206,0.0445207147134571,-0.3060053768953489,-0.1468228308829932,0.2971187785480286,-0.6824631960911791,0.6883955845763118,-0.0434898213859023,-0.1867972620681109,1
0.9939593465405896,2.4644694565972216,1.0833633980319857,1.5957454169565315,0.8754345915145436,1.0605061361059114,0.3504343058828607,0.1208351746809525,0.5017449400489743,0.6077328628954509,0.501219390928266,-1.100881928969868,-0.2890046876143846,-1.1983802282895646,-0.9989661277882788,0.2293233439305085,0.6316222016251538,0.6070644176059111,0.4823114608512965,1
0.1750981657950592,-0.4831723667835211,-0.43596917622517,-0.7881924958872549,-0.453086030351718,-0.4830918618996355,0.0002659337100741,-0.8927517264411933,-1.08979733752997,0.1558323065021473,-0.7901306909876764,-0.8526709966706276,-0.6536861400335028,-0.8036417591092517,-0.1154378254407116,-0.4720509176246358,-0.4417191554828829,-0.6582747551410527,-0.8162501855518586,0
-0.5403756123513125,-0.6105774804915415,-1.6344994813197753,-0.6143061461248448,-0.3151330580410209,-0.6544132357728112,-1.0001632912436809,-0.4603824888995788,-0.8997210836269133,0.4582854347968786,-0.585118463571613,-0.1576803862327537,0.3346872662029558,-0.1193205604892832,0.5380810428246378,0.2687756461429859,0.0995744985400154,-0.7644648800623969,-0.4994679883877347,0
-0.2524561126827377,0.232894901195834,0.6827676710574305,-0.3794026368068163,0.0212224781999617,-0.7857469880893051,-0.1267381390987087,-0.8629820412334097,-0.5672261788402262,-0.4184728100480825,-0.728853973568115,-0.6468375406175988,-0.3460069987329123,-0.0271070656397842,-0.7799095239004521,0.3389130722984999,-0.38170157922023,-0.8298556411981719,-0.3442931210308058,1
0.4337726232941504,0.0567654522170409,-1.4065181732854757,1.4362972839613972,1.0368365237985822,0.9695390349343138,-1.0134080016937397,1.118828431170451,0.945071479764558,2.0879740554908413,0.1411241132528184,-0.3175040109327528,-0.5493485764071919,0.5099960973432643,0.5636376466115511,0.9087796598120552,0.227720134344058,-0.126765235140009,0.3692460126275512,1
-0.8962589424137564,-0.714161808067184,-1.4423438074051511,-0.818198876820985,-1.0894055350828478,-0.8890325508778899,1.0671001453038491,0.551786808165054,-0.5993673529696059,0.301721462503135,0.3745051913260864,1.2444086849990543,2.639780724592537,-1.6157676260294032,-0.8967397126406266,-0.4720509176246358,0.6543315548056172,-0.2385443140045819,-0.5757291411486186,0
-1.008296287063044,-0.2680634495881099,-1.054775583746841,-1.1148728439607505,-1.7450628184932917,-1.1621233691867905,1.284821412976049,-0.4320304077493092,-1.2360950956361123,-0.6006563414444387,-1.0564196358233011,1.4659823465149615,0.5573629610987247,-0.3086008920224658,0.4249017974825943,-1.0857533964853872,-1.9134474512424744,-0.8555648293370237,-1.057500684459768,0
-1.5466522041829676,-0.6668811568044343,-1.4065181732854757,-1.1148728439607505,-1.7450628184932917,-1.1670507538335853,-0.7793576389461255,0.6297550313282954,-0.3028927295348098,-0.3544239122915514,-0.1497511688190501,0.795207436789209,0.710369164627404,-0.4994990041670438,-0.3271925425322773,-0.7087647308994971,-1.9134474512424744,-0.9764539031290592,-1.057500684459768,0
-1.1273359657529125,0.0935793944216247,-0.2096163061054007,0.5260618790679146,-0.236107017611383,0.4749054223137515,1.894440962458206,2.603059879387076,1.787391905224166,0.0448142170574937,5.342836569757808,2.210615143412684,1.9397523424351808,-0.4639078307163593,-0.5206925426331908,-0.0994458411734656,2.0769103218960634,3.49878918783241,2.9113949614001458,0
0.71386598491737,-0.3662339621336666,0.4515294871940689,1.1362334746240972,1.3535497494125446,0.9714341828753884,0.1218269748270519,0.0612958042653853,0.6231055802961152,0.1387526004337387,0.2984766715647788,-0.4506903648494181,-0.1379985651775832,0.2479156382973191,-0.0643246178668849,0.4002833201845743,1.027413785627513,0.8641562989944286,0.7233630176215686,1
-0.4102145795969922,-0.8375967907531414,0.5443504483223196,-1.0948476650530938,-1.604079753302922,-1.6101363424569084,-0.1358098585850505,-1.4824750143668064,-1.4139798696969903,-2.408970221437172,-1.0691667060519383,-0.5342345323062361,-1.207708602483754,-0.9799798457512766,-1.5210510337209315,-2.240829133484015,-1.6130351505980611,-1.2980982025618677,-1.004615232871242,0
-0.4398715237688625,-0.4196502704305138,-1.5514491476787091,-0.9994549946202568,-1.1375215828203538,-1.2621871804755478,-0.4117715653595627,-0.2080489666621768,-0.5960424039217387,-0.6383740256788406,-0.167907233239661,-1.1977447318183525,0.4976938751910261,-1.808283518785376,-1.2618340524536702,-0.7087647308994971,-0.7117982486648206,-1.0682804164163056,-0.8525902826935667,0
3.7125125622953687,1.555309452544804,1.1680421695875831,2.4896593594174417,2.347846558671764,1.6498971457802207,0.4792527225889121,-0.7226392395395744,-0.1732197166680011,0.9279773516781076,-0.39637104386568,-0.5802443636592659,-0.8033588750757188,-0.072404922758836,-0.0424189574781026,0.650147900863595,0.0995744985400154,-0.0060438299662704,-0.0266488412702546,1
2.089618672890243,0.8107294254069971,1.2706337582030176,2.007548469101445,2.6752184024554277,3.389642955687026,-0.8236276300394726,1.58522016609239,2.4634648782904303,1.262454928851104,0.567413375795076,-0.3102393007191164,-0.929363983864043,1.9368785965934112,2.129892364409511,0.733436094423269,0.6283780083136592,1.2358217362191333,0.2263392437582426,1
0.3802253629838291,-0.1273042588058779,1.163156855843991,-0.2871235992072701,0.6013558385793834,-0.3098753400853852,-0.1212951074069039,-1.0359297362500566,0.1310131212118176,-0.0277745337332422,-0.5162767193101304,-0.6141463446562354,-0.8050256093189505,0.8675256124614985,-0.7068906559378432,0.3958997310498552,-0.3291456475740152,-0.1591811680107351,-0.4096124562216499,1
-0.7595074776212428,-0.2554312145179098,-1.2990412709264485,-0.3388500801474239,-0.786396247115643,-0.431922867490612,-0.1974975510921733,-0.0889702258310435,-0.5361933210601351,-0.4106446114333955,0.3741269399839903,0.1341188073483046,0.1050112874856133,-1.762985661666323,-2.353466128494673,-0.8884918854230025,0.8635820233970283,0.6596005846722606,0.9037372224125289,0
0.286311706439573,-0.7210193071052928,0.3831350947837792,-0.4400431472293752,0.1217180209428536,0.0162796205736138,-1.308601753779296,0.0527901799203057,0.7633075984811687,-0.4120679202724299,-0.4614302747062019,-1.068190733008505,-1.250376999110488,0.4436670922760807,-0.3089378255416251,-0.0994458411734656,-0.938729570803878,-0.6443023702829811,-0.4692950975127764,1
-1.1619357339534278,0.0697586082892469,-0.73234487666976,-1.09482255511089,-1.5864016737386044,-1.0876440551025448,0.0927974724707586,-0.3285453115508241,-0.386570613906126,-0.2626204921738567,-0.12289532353023,0.5857416256293622,2.4497730208641126,0.0521641843185574,-0.3965604670967552,0.8649437684648587,-1.523495415200806,-0.7532869721759395,-1.004548918825363,0
1.0969348471373614,-0.5322576230562995,0.1111859630571497,-0.0892572546400799,0.6470356307352434,-0.3726047369349659,-1.3447071973349358,-1.2117126393817292,-0.8071766684612858,-0.7458338430259096,-1.0242682717451363,-1.1929015916759282,-1.391716062936545,0.4938182912293171,-0.695937825743452,-0.3931463131996823,-0.8235607082458145,-0.9108395838355547,-0.5893235205538196,1
-0.7121387473467276,-0.5777336693090206,-0.6981476804646148,-0.6366539946863676,-0.071659765850287,-0.813605662823107,-0.818910335906575,-0.2619179208476903,-0.7190655186928131,0.0981882985212688,-0.8033694879610385,-0.190371582194117,-0.0453281412538951,-0.5318546163949384,-1.079286882547148,-0.003006880209633,0.0087370858181625,-0.9374988941447556,-0.4016547707161663,0
-0.6878365292058898,-0.7913989024964089,0.1307272180315184,-0.8194543739311829,-1.0894055350828478,-0.9233347286113466,1.2866357568733169,-0.7084631989644401,-1.0077819276825872,0.3088380066983053,-0.683463812516588,1.3134234320285996,0.2633510405926345,0.4841116075609489,-0.3417963161247985,0.1416515612361154,-0.9012591380561136,-0.933474847305631,-0.5415774075209185,0
-0.5411994163560865,-0.6026372184474156,-0.9912665050801436,-0.6322597548006749,-1.0119021543917386,-0.6028652117755725,-0.6919062630977921,-1.1422500405635685,-1.1574046348365965,-1.107354288140553,-0.7829439154878514,-0.0353910976365424,-0.3483404266734368,-0.6774548714204632,-0.5279944294294519,-0.998081613790994,-0.8699526726001893,-0.1876848331212012,-0.3555665088302408,0
0.0988962953534482,-0.4301169794886799,1.8731557865793824,1.372266931341304,0.9530902381795056,2.595575968376621,1.6204750339706886,1.789355150374332,3.361201121214488,0.792763011969875,2.9976782487622486,3.7035130923149455,0.3096862525544787,3.664668289562976,2.089731987030077,0.9175468380814936,0.7889655772326494,6.143482193768201,2.8086081902876505,1
-0.4098026775946055,1.1763424004387948,-0.3545472804986343,-0.7241621432671618,-1.018297325293559,-0.7264288575336593,0.9636825431595548,0.0102620581948997,-0.844305266162466,-0.6312574814836702,0.7867991542107896,1.596747130360416,-0.8233596859945002,-1.1676423966730645,-0.4294189576799296,-1.687181825768923,0.93657637290566,-0.4235386895254499,-0.3360038652959271,0
-1.2867420406767154,-0.1850516191267937,-0.7893402036783352,-1.1148728439607505,-1.7450628184932917,-1.5331933360492656,6.655279348890292,0.237078707397059,-1.0172026166515435,-1.911523782194778,-0.7969392151454056,2.112541555528594,-1.7760649794257983,-1.6044431617496406,-0.5791076370032775,-2.6826949182637563,-1.9134474512424744,-1.0474895077474953,-1.057500684459768,0
-0.4456381518022818,0.0004617759041481,2.2248983761180168,0.247341520603979,0.476497740020033,0.586719150837174,1.0743575208929228,0.93170469557867,2.025679920321292,0.5009846999678997,0.7100141317652898,-0.2133764978706319,0.6857014978275734,0.5083783167318698,0.479665948454551,2.022211300030846,0.2293422309998053,0.7249913458080355,0.1901980887541715,1
0.3472732027928622,-0.453215923617046,0.3424241469205114,1.0157057520450985,0.8845705499457155,1.774976909891168,-0.4620288913138952,0.5560396203375948,0.1698041934369315,0.5721501419196012,0.1955923065146508,0.5942171208786046,0.3466877527542247,0.1605554852820037,-0.2724283915603206,-0.0336920041526708,1.1409605515298291,1.438700764358333,0.7830456589126951,1
-0.3887956754728638,-0.7614424593299338,-0.5988129676782414,-0.6286188131811009,-0.4911525238149345,-0.9604796282564156,-0.5592777242074777,-0.8686524574634644,-0.8010809285401965,-1.206274252453418,-0.6214305924128346,-0.2436461237607833,-0.5810165270285964,0.1993822199554773,0.0634584010676806,-0.9936980246562742,-0.5476420671031863,-0.5369944545729913,-0.2879261820336307,0
-0.0551550535393229,0.7721108781923846,1.3569409676731456,0.6239906536633514,0.8023469240651676,0.4237364279047282,1.6241037217652257,0.84664845212786,0.5200321598122419,1.6823310363661423,0.1933227984620745,0.7685701660058761,2.25309838016276,0.2899779341935818,0.0817131180583329,1.8117990215643025,1.428071659597114,0.4472203348295723,0.4892744356685945,1
1.0475066068509111,0.8338283695353633,-0.1591347307549488,0.2699404685875413,-0.3471089125501227,-0.3396291627602619,0.1599281966696865,-1.3322089842703757,-1.0177567748261878,-1.6119172715781158,0.4694462781921968,0.1038491814581533,-0.5036800581426406,-0.8602640805080671,-0.151947259422016,-1.9352929707940556,0.4288601196567322,1.5359485629705112,0.9683934171445826,1
1.46352762926187,0.1101817605138879,1.039395574339657,0.2837509367997183,0.855640014913671,0.7288552464177953,-0.2609995874965649,-1.064281817400326,0.4579664442520605,-0.7920913802945153,-0.1505076715032423,-0.7739699693562343,-0.5056801392345187,0.4727871432811853,-0.1629000896164072,-0.0073904693443521,0.0671325654250681,0.6428337228425746,-0.160271643716499,1
0.1038391193820928,-0.7073043090290754,0.7234786189206984,0.3666137460727801,1.0535857809223974,0.3081324034991561,-1.0268341465335251,0.2640131844898147,0.9616962250038922,0.1679304316339368,-0.6880028286217408,-0.6444159705463868,-0.9990334752311324,2.996524897056956,0.5052225522414644,1.0008350316411674,-0.728830263550168,-0.5314055006297626,-0.394360225669473,1
-0.5531445744253117,-0.1868562241368223,0.4368735459632925,-0.5891962039208867,-0.1005903008823316,-0.4448098734899217,0.1980294185123216,-0.3781614535637957,-0.1222371646007096,-0.0356027323479292,-0.1728245006869097,-0.6674208862229016,0.1576800895717384,-0.3765476777010448,0.6110999107872467,0.46165356807065,-0.064257263690469,-0.4296865388630013,-0.5929707930771663,0
0.9527691463018808,-0.0291337462603211,0.0265071915015526,0.1858221622042815,1.2073744145137928,0.2929712199705566,-0.7051509735478508,-1.1181507715858383,-0.2923637242165641,-0.4754051636094443,-0.4300354133122291,-0.5572394479827509,-0.3170058229006788,0.0440752812615838,-1.1157963165284523,0.2512412896041068,0.2682725507377423,0.0118408226520612,-0.1579506521107329,1
2.756899916757326,0.5367903848846528,1.140358725040561,3.3082434752664773,2.416366246905554,1.9720722957629624,0.6225858904731099,-0.0719589771408823,0.2036078420902447,1.262454928851104,0.5295882415854701,0.1462266577043651,0.76203792616759,0.4808760463381589,1.417958401774075,0.9306976054856524,2.0850208051748,1.43814186896401,1.9127054304619624,1
-0.0168481673173235,0.5761307741032767,2.633636292665226,0.8411916537275891,1.3200512351649143,1.3732055463832784,1.29389313246239,1.6178250594151995,1.366231692494362,2.55766597237207,0.2689730668812859,-0.0680822935979057,0.5943644612984706,2.477217320799249,1.6041565150787274,3.955374108442213,0.1806793313273841,0.3130854401920848,-0.0256541305820692,1
-0.4481095638166044,-0.0327429562803783,-0.1689053582421328,-0.1098474072473257,-0.1995631838866948,0.0276505082200635,-0.3136155605173462,0.1321760071410599,0.1969579439945105,0.2341142926490191,-0.0790181678470872,-0.3296118612888132,-0.0293274925188697,0.1832044138415301,0.4139489672882032,0.4485028006664913,-0.2313332192324484,-0.3559123468123834,-0.1619294948634748,0
0.2805450784061538,-0.4838942087875325,-0.8854180406356473,-0.1669725257613304,0.161307174144599,-0.1603481675345714,-1.5508166640646175,-0.4164367631166609,0.7455745368925453,-0.5408773702050089,-0.3456853640248082,-0.6432051855107805,-0.5230141753641294,0.831934439010815,-0.7945132974929743,0.733436094423269,-0.5735956135951443,-0.3514411836578004,-0.3814289867230624,1
-1.196535502153943,-0.6910628639388178,-0.4001435421054945,-0.8944075514099981,-0.8942005566034726,-0.6068450224518299,0.2270589208686148,0.0074268500798739,-0.5622387552684255,0.8923946307022569,-0.500390162942096,0.1886041339505773,0.8927098908369633,0.1427598985566619,0.4468074578713766,0.4002833201845743,-0.6924952984614268,-0.7259010978541193,-0.7930734265171377,0
0.7303420650128537,0.6519241845244788,-0.1021394037463735,-0.2423023523732048,-0.0762277450658729,-0.5931999572760903,-0.6558008195421524,-1.4980686589994543,-1.0670768523695464,-0.6148894298347783,-0.4591607666536256,0.2903100769414853,-0.6676867076766501,0.6054451534155534,0.7826942504993779,-0.9323277767701992,-0.0918329068381744,-0.5839416676961118,-0.412265018056811,1
-0.2038516764010616,-0.7654125903519968,0.5671485791257497,-0.021962609533472,-0.0305479529100129,0.8330883831769171,-0.5344212128149015,1.460471009031202,1.310815875029914,0.2732552857224546,0.1524716535157003,0.5566827847748168,-0.5966838289149754,1.985412014935253,0.1401282124284196,0.1109664372930775,-0.5664583883098557,0.2756394487724529,-0.2199542850076255,0
0.2554190562605414,-0.692145626944835,-1.5889032197129154,-0.3751339466321434,-0.1691099891161217,-0.7967388461475399,-1.5495466233365296,-1.068534629572867,-0.5101478868518446,-1.0347655373498168,-0.8090432580924793,-1.3322629492741846,-0.9166968036154812,-0.9395353304664084,-1.6524849960536283,-0.4457493828163177,-0.7174755869599363,-0.7331667379803165,-0.4470798921433015,0
1.7600970709805726,1.6419304930261778,0.3521947744076954,0.9441424167638176,1.1784438794817482,0.5772434111317991,0.4774383786916436,-1.780171866444639,-1.4017883898548118,-0.3885833244283687,-0.5408630565463742,1.3582224783460228,0.3610216672460181,0.0133374496450838,-0.1702019764126683,-0.6386273047439825,2.571649801899012,0.5942098235364855,0.762488304690196,1
-0.6779508811485994,-0.6603845787683312,-0.1119100312335582,-0.779780665248929,-0.6924481412484244,-0.6697639340955182,-0.638020249348923,-0.3157868750332027,-0.2225397942113599,-0.5444356423025947,-0.3301770589988698,-0.5306021771994177,-0.5080135671750433,-0.5917124990165429,-1.017220844778931,-0.1915012130025779,-0.8190188376097218,-0.4587490993677903,-0.3794395653466915,0
3.9761298438231054,8.906909342399384,-1.1736515515075836,2.903973405782751,0.6835794644599317,0.895628265232391,0.4701810031025703,-1.06995223363038,-1.5902021692339348,1.2695714730462742,0.2576255266184044,3.3039540305649484,2.136426983136534,-2.0266839013236635,-0.5973623539939298,-0.7964365135938902,0.3688425433940793,0.1252965876996026,1.0609015111458286,1
0.9280550261586558,0.4490865813972621,0.3896488464419019,0.9968732953921297,-0.071659765850287,0.194423527034659,0.8167206874808206,-0.5865492500182798,-0.8736756494186229,0.301721462503135,3.315409376122937,0.1462266577043651,8.029999267204188,-2.099484028836426,-1.8386831093582807,-0.3536940109872055,4.456526115877459,3.3573886530687247,3.710479214242451,1
0.037110994995385,0.0560436102130296,1.493729752493726,0.2850064339099162,0.9530902381795056,0.497647197606651,1.1396739011945825,0.2172322505918699,1.0337367877076742,-0.1231362259485216,0.3680749185104532,2.9600910804528304,1.279725582115388,2.9496092593265084,1.5457414207086406,1.0315201555842053,0.7257038076585015,0.6495404675744489,0.1653303215495357,1
-0.0415622874605491,-0.5373105170843797,0.2040069241854004,0.1281948448461976,0.7734163890331228,0.8975234131734657,-0.0414639759270975,0.9019350103708864,1.2166089853403523,0.4440523464065379,0.2893986393544732,-0.1395186106986628,-0.3603409132247057,1.17975727046068,1.0747697223498136,0.5975448312469589,0.4142612497550059,0.49752092031863,0.2386073422458632,1
-0.6033966187165369,-0.3929421162820902,0.2316903687324228,-0.2817249616334191,-0.012276036047669,0.2095847105632587,0.6280289221649146,0.0485373677477649,-0.0163929532436135,-0.1943016679002231,0.3707226779051256,0.8944918097089054,0.6103651100334958,0.8028143880057095,0.5672885900096821,0.356447428837379,0.9819950792665868,0.9189280476380692,0.9140158995237784,0
-1.1088003756454934,-0.1749458310706333,-0.1965888027891552,-0.3899488125324787,-1.201321025864705,-0.8579521246442608,1.2793783812842434,0.0499549718052778,-0.3245048983459438,-1.125857303047995,0.3094459604855643,0.6123788964126955,-0.787024879492047,-0.0529915554220996,0.5563357598152899,-1.6262499367963206,-0.1761819329370377,0.3197921849239591,0.856985820067813,0
1.5541460697870286,1.9855272869356264,0.4824698075701527,0.4821194802109877,1.0261779056288816,0.497647197606651,-0.0559787271052441,-0.9905664064096248,-0.0773503524545065,-0.1800685795098834,0.0945991981750033,-0.190371582194117,-0.0789961729671774,0.2738001280796345,1.0309584015722482,0.1285007938319566,0.8635820233970283,0.3471780592457797,0.0850903260359099,1
1.4841227293812242,1.2055770016012584,3.213360190238159,0.3226713472158535,0.7292592566157917,0.16410115997746,0.1889576990259798,-1.3704842938232409,-0.4580570184352638,-0.865391785504768,-0.5820924528348445,-0.8744651273115365,-0.5006799365048236,-0.3037475501882822,-1.400569901582627,0.3695981962415377,-0.1648272563468063,0.053757977226276,-0.1741975933510952,1
-0.1684281041957721,-0.703695099009018,-1.5188803893880944,-0.6267355675158042,-0.5184081331345977,-0.3265526419668446,-1.4210910754099322,0.0910654894731689,0.1792248824058871,0.0070965328230917,-0.4009100599708327,-0.8272445109229005,-0.969365605701606,-0.8424684937827254,-1.6488340526554972,-0.0556099498262691,-0.8332932881802987,-0.4766337519861219,-0.5097466654989844,0
-0.1391830620262885,-0.5351449910723453,-1.3918622320546992,-0.1280521153451952,-0.3609651161707337,0.2816003323241068,-1.3040658940361254,0.0329437231151166,-0.120574690076776,0.6219659512857917,-0.331690064367254,-0.2569647591524501,-0.3966757197271588,0.2657112250226609,0.54903387301903,0.2293233439305085,-0.5573746470376707,-0.1306775029002691,-0.2139860208785129,0
-1.1059170616287834,-0.571958933276929,-0.4620241828576615,-0.8929009548777604,-0.8961800142635599,-0.3661612339353112,0.0002659337100741,0.8905941779107789,0.2230033782028017,0.6931313932374931,-0.0128241829802771,0.7056093441543614,0.2860186263005871,0.2495334189087136,0.3591848163162465,0.3608310179720982,-0.6767609609006773,-0.6415078933113668,-0.774538650693949,0
0.437891643318021,-0.2088724052591714,0.7511620634677202,0.3251823414362492,0.5069509347906064,0.3043421076170061,-0.5369612942710771,0.0329437231151166,1.2443168940725762,0.4369358022113676,-0.2511225285007936,-0.3417197116448737,-0.7583570505084599,1.767011632396965,0.4504584012695076,1.0008350316411674,-0.5124425696734682,-0.0971437792408972,-0.2670372575817365,1
-0.3055914709906723,-0.4059352723542963,-0.338262901353327,-0.6686691709964142,-0.2714327235452479,-1.030979131664404,-0.5917544799685805,-0.8587292290608699,-0.4275783188298169,-0.8476004250168426,-0.4913121307317906,-0.6928473719706287,-0.3363399401221677,-0.63862813674699,-1.152305750509757,-0.209035569541457,-0.4443145101320785,-0.8069409300309346,-0.3084835362561299,0
0.0222825229094499,0.4216565852448273,-1.4293163040889056,-0.3962262980834683,-0.0899316827126309,-0.5325552231616918,-0.734361910293871,-1.1791077460589188,-1.2870776477034045,0.1921266818975148,-0.8820457671170184,0.2564080959445159,0.0160076788970352,0.2608578831884773,0.9615904770077692,-0.1169801977123435,0.1725688480486473,-0.6258588222703266,-0.27499494308722,0
-1.0441317612707204,-0.7719091683880999,-0.9570693088749984,-1.0314701709303036,-1.0653475112140949,-0.5139827733391573,-0.5699823532013608,0.2413315195695997,-0.0695921380094837,0.6361990396761323,-0.3683804445505717,-0.6686316712585076,-0.1760001059232684,-0.4622900501049647,-0.0862302782556682,0.0758977242153205,-1.1069409940048809,-0.9734358679997158,-0.9640973508391548,0
0.2257621120886712,-0.6257361625757818,-1.0368627666870036,-0.2981719737770117,0.3546849609377395,0.0996661299809116,-1.3067874098820278,-0.5284274836602266,-0.0180554277675471,-0.900262852061101,-0.2235101805277815,-0.8030288102107794,-0.9740324615826552,0.0861375771578465,0.2533074577704631,-0.8227380484022077,-0.0399258138542586,0.3684160842300484,0.1507412314561491,0
-0.4374001117545405,-0.5784555113130321,0.917262730749853,-0.4321335154351285,0.0516756729705349,-0.5505591286019039,-0.273699994777443,-0.3696558292187151,0.6596800198226512,-1.233317120395064,-0.1467251580822817,-0.8345092211365367,-0.6240182705039767,-0.1209383411006778,-1.086588769343409,-0.4238314371427195,-0.5036832477324323,-0.1418554107867265,-0.0574848726040034,0
-0.2763464288211887,-0.3575718580855295,0.7283639326642901,1.0131947578247027,1.265235484577882,1.4319551325566018,-0.2682569630856382,1.3810851818104457,2.236260026686194,0.8852780865070865,0.6892103079500065,-0.4531119349206305,-0.019327087059479,0.8189921941196567,1.1368357601180303,1.9871425869530888,0.5180754357228378,0.7322569859342329,0.4952426997977071,1
0.8827458058960763,-0.3943858002901132,-0.128194410378865,1.283126636517253,2.127060896585108,1.001756549932588,-0.9758510830202852,0.0641310123804132,0.3693011363089436,1.262454928851104,-0.5518323454671599,-1.0621368078304747,-0.503013364445348,0.336893571924029,1.1660433073030747,1.6627569909838351,0.3315343203118899,-0.3016994935630654,-0.0445536336575926,1
-0.8324141320437572,-1.0256366327981232,1.3146015818953474,-0.9098501658654322,-1.4278927949577702,-1.2547961035053554,-0.5881257921740439,-0.9239390157064908,-0.724607100439258,-1.9592046283024185,-0.6592557266224404,-0.6262541950122958,-1.1293720930518591,-0.0837293870385996,0.2094961369928985,-1.768278224761237,-1.40654224632142,-0.5034607309136195,-0.5160464998574922,0
-0.8723686262753048,-0.654248921734234,2.622237227263511,-1.0525123024972205,-1.2879603649869855,-1.3000901392970468,0.780433809535454,-0.6404182042037923,-0.6026923020174729,-1.3208506139956573,-0.4769385797321404,-0.1673666665176021,-0.8940292179075288,0.0165730108678738,0.1218734954377674,-1.4215363242049124,-1.3588526046424476,-1.0431860132112092,-0.9506355995257116,0
1.7477400109089607,0.4288750052849418,1.9057245448699969,0.8361696652867977,0.6348543528270142,0.0579728752772626,-0.0505356954134389,-0.9749727617769764,-0.036896805705459,-0.339479169481694,-0.3434158559722319,-0.9156318185221424,-0.6736869509522845,-0.7502549989332259,-1.327551033620018,-0.441365793681598,-0.1437399998220905,-0.2715191422696309,0.0887375985592564,1
-1.3081609448008438,-0.6856490489087319,-1.0612893354049642,-0.907464721356056,-0.6453979553278885,-1.202869049919902,-0.7017037201430413,0.1747041288664659,-0.120020531902131,-0.8340789910460187,-0.0964177295835058,0.3980699451104241,1.533069187086621,-0.232565203286914,-0.9515038636125832,0.7904227531746242,-0.3525038394167774,-0.8427102352675979,-0.6642583923971229,0
-0.0897548217398379,-0.5279265710322307,0.7495336255531898,-0.9313191664498164,-0.5325688687029142,-0.661235768360681,0.519168288328815,-0.6304949758011977,-0.430903267877684,-0.4028164128187084,-0.3290423049725816,-0.958009294768354,0.1160117334909433,-1.091606707937513,-1.0756359391490178,-0.1608160890595401,-0.2848624088721118,-0.6510091150148555,-0.8153881029554312,0
2.534472835468298,2.3561931559955047,1.4383628633996812,1.333346520925169,2.203193883511541,1.2102228234508323,-0.4596702442474464,0.0414493474601963,0.1565043972454638,-0.0904001226507398,-0.2806261331842862,-0.562082588125175,-0.2043345880582091,0.3271868882556609,0.3555338729181154,0.6896002030760724,0.8700704100200181,0.1761560685829831,0.4335706371302099,1
1.6694786304554137,1.0186199225622938,0.0802456426810665,0.0203476430801973,0.4551805036806314,-0.3953465122278654,-0.3190585922091514,-1.5632784456450757,-0.702440773453479,-0.9116493227733736,0.0522350478602448,-0.863568061991082,0.3060194372193691,-1.072193340600776,-1.2581831090555402,-0.4194478480079997,0.7970760605113859,0.3270578250501562,0.3539937820753743,1
0.0239301309189979,-0.2518220044978526,2.420310925861702,0.2699404685875413,-0.4935887793965804,-0.0083573026603604,2.0087446279861103,-0.2137193828922315,-0.3317089546163223,-1.0055877061496197,-0.077883413820799,-1.0524505275456262,-0.2446695567444185,-1.63518099336614,-1.714551033821845,-1.0638354508117889,-0.2735077322818804,0.1660959514851716,0.2190446987115495,0
0.8827458058960763,0.4743510515376627,3.125424542853501,0.6641665611896842,1.4007522013069336,0.4824860140780516,-0.6545307788140647,-0.4447888442669306,0.0562017676348127,0.1252311664629157,-0.3918320277605272,-1.002808341085778,-0.7270224467357023,-0.0772582645930205,-0.0095604668949282,0.1811038634485927,0.3153133537544162,0.1325622278257997,-0.1947549475735943,1
-0.1890232043151265,-0.2922451567224935,-1.079202152464802,-0.524161453612635,-0.3408660076221553,-0.7209329285045419,-1.0081464043916613,-0.8785756858660589,-1.0443563672091225,-0.151602402729203,-0.7568445728832234,-0.189160797158511,-0.1903340204150618,-0.5998014020735165,-0.3454472595229295,-0.2002683912720175,-0.1242748399531219,-0.7264599932484421,-0.457358569254551,0
-0.5502612604086023,-1.0462091299124494,-0.8642483477467476,-0.9826689982569108,-1.1280810924414757,-1.3343923170305032,-0.9840156305579928,-0.7453209044597904,-0.8930711855311798,-1.216949068746173,-0.9210056553529123,-0.4046805334963883,-1.258710670326647,0.0003952047539266,-0.9697585806032356,-1.2567133727394535,-1.3032146893503127,-1.1484260159622044,-0.8422121345134986,0
-0.7430313975257591,-0.5860348523551523,0.3717360293820642,0.82863668262561,0.1095367430346244,0.5336550084870754,0.7713620900491123,1.9693908656785448,2.5355054409942137,-0.0313328058308268,1.8459029120797523,-0.0717146487047241,-0.1259980786263144,0.6588319135915788,0.8849206656470302,0.102199259023638,0.2179875544095739,1.881345916662041,1.8868429525691408,0
-0.1412425720382238,0.1065725504938307,0.1079290872280883,-0.5251658513007934,-0.8153267821476876,-0.6873888099475152,-0.2900290898528582,-1.2060422231516754,-1.149092262216929,-1.133685501662682,-0.2677655875530203,0.6583887277657252,-0.8966959926966996,-0.3846365807580185,-0.1409944292276239,-1.695949004038363,-0.2799961189048696,0.0666125712957017,0.0602225588312738,0
1.5294319496438036,0.4299577682909589,0.7902445734164577,1.4576407348347618,0.6363770125655431,0.9752244787575386,1.0616571136120443,-0.3965903063114719,-0.4325657424016176,0.4511688906017083,0.0582870693337818,0.1595452930960319,1.18972193298087,0.0311330363704256,0.6074489673891167,0.6106955986511188,0.6154012350676802,0.3935663769745772,0.240596763622234,1
-1.0400127412468498,-0.1200858387657634,0.6160017165616712,-0.5083421900241415,-0.7193992186203817,-0.8458231778213812,2.5312756703993884,0.2271554789944644,-0.3583085469992578,0.7571802909940243,-0.0888527027415848,1.7214579890278388,2.999795321130607,-0.0287248462511788,-0.2724283915603206,0.83864223365654,-0.0756119402807007,-0.6493324288318869,-0.439122206637818,0
-0.32289135509093,-0.8740498119557195,0.3489378985786341,-0.5704892969789378,-0.9883009284445444,-1.1200510848949263,0.6969739902611111,-0.9140157873038964,-0.6630955430537209,-1.7229353610227691,-0.584361960887421,-0.1116705548797239,-0.2600035117821511,-0.2163873971729668,-1.1851642410929313,-0.9761636681173956,-1.0402728214536636,-0.5470545716708028,-0.036595948152109,0
-0.2891153908951885,-0.7314860161634588,-1.2990412709264485,0.6101801854511741,0.6318090333499568,0.5734531152496491,-1.4091164056879617,0.1832097532115455,1.876057213167283,-0.6234292828689831,1.4222614089321672,-0.954376939661536,-0.5133471167533852,-0.4234633154314912,-0.7872114106967132,-0.3054745305052885,0.3088249671314267,1.7013815996900787,1.6474492469458442,0
-0.9868773829389152,-0.5611313032167573,1.5490966415877698,-0.8161900814446682,-0.8107588029321018,-0.6064659928636149,0.5010248493561321,0.0698014286104669,-0.1371994353161101,0.0149247314377788,-0.4447872156539755,0.1256433120990622,0.0493423637616713,0.8222277553424459,0.3117225521405509,0.7685048075010259,-0.90044808972824,-0.8455047122392122,-0.6990732664836135,0
-0.7455028095400817,-0.5376714380863854,-0.7307164387552291,-0.5714936946670962,-0.2820913417149487,-0.4976845010459128,-0.3245016239009562,-0.1584328246492052,-0.3245048983459438,0.3515372718693264,-0.3823757442081258,-0.4567442900274485,-0.1263314254749605,-0.383018800146623,0.2606093445667242,0.2863100026818638,-0.2816182155606172,-0.7376379011348995,-0.3595453515829826,0
1.93309591198315,2.161295814912414,0.2154059895871155,2.290035318895974,1.4601359311095514,1.0661915799291362,-0.7185771183876366,-0.5411859201778481,-0.3023385713601648,0.3088380066983053,0.4565857325609311,0.419864075751333,-0.5860167297582916,0.364395842317739,1.4362131187647271,-0.4939688632982341,1.110140715070629,0.7602017556503758,2.098384758923245,1
-0.7698050276809201,-0.045014270348573,-0.5239048236098285,-0.7836727062905425,-0.7486342856001321,-0.8420328819392313,-0.6784801182580066,-0.4901521741073624,-1.057102005225946,-0.2071114474515293,-0.8828022698012107,0.2878885068702733,-0.2203352367932342,-0.260067473680624,0.0817131180583329,-0.6167093590703843,-0.4251737695942595,-0.8287378504095263,-0.6446957488628093,0
1.5953362700257374,1.302664751140798,-0.0142037563617151,1.919663671387592,2.072245145998075,1.5267125296103494,-0.7926023493961842,0.5914797217754322,2.5355054409942137,0.7002479374326634,1.310299011671734,-0.7110091475047194,0.4803598390614153,-0.2455074481780722,-0.2870321651528418,1.6934421149268728,1.2837050572355977,1.4023725637273463,1.1971768754272345,1
0.8662697258005926,-0.3460223860213462,-0.0956256520882508,0.4745864975498001,1.0825163159544422,-0.0045670067782106,-0.6532607380859768,-0.9452030765691928,-0.1560408132540228,0.3159545508934757,-0.5419978105726624,-0.7993964551039614,-0.7613571721462773,0.3838092096544763,0.0050433066975929,0.4046669093192948,0.1336385283107102,-0.5839416676961118,-0.2842789095102842,1
1.4223374290231612,0.6883772057270567,-0.1803044236438479,0.6164576710021636,1.2987339988255129,0.2740197405598071,-1.0571336896179062,-0.8970045386137341,0.3077895789234064,0.5081012441630691,-0.4708865582586033,-0.8345092211365367,-0.797358631800084,0.7736943370006041,-0.1300415990332327,0.7597376292315864,0.1417490115894473,-0.4179497355822213,-0.1460141238525077,1
-0.0222028933483555,0.0715632132992756,-0.5874139022765263,0.114133277211981,0.3470716622450962,0.4464782031976277,-0.7385349012575882,-0.2123017788347176,-0.2424894884985611,0.9422104400684482,-0.4160401136546751,0.0094079486808813,-0.2300022954039788,0.2705645668568455,0.3518829295199854,0.8254914662523812,0.2634062607705001,0.0733193160275762,-0.0233331389763032,1
1.7147878507179932,1.5787693176751765,1.7249679363570878,1.1249340006323163,1.21041973399085,1.9322741890003887,-0.0323922564407557,-0.0677061649683415,0.917363571032334,-0.2676020731104758,0.5511485680849454,-0.1431509658054812,-0.228335561160747,-0.1338805859918359,0.2971187785480286,-0.1871176238678588,0.5505173688377853,1.2391751085850704,0.2233551116936863,1
0.4626057634612466,0.9168401999966798,-0.4913360653192143,1.9585840818037263,1.648945738687106,2.3511018839779525,-0.2864004020583215,1.8659057694800607,1.9480977758710647,2.6430645027141124,1.840229141948311,-0.2061117876569959,1.0363823826035443,0.5779428830218425,2.1408451946039038,1.9345395173364528,1.5367521355321885,1.1402506237899233,0.5947137686162515,1
0.7509371651322081,3.2007483006888973,0.9710011819293668,2.872585978027803,2.0037254577642853,3.9240746750701616,2.244609334630993,2.586048630696914,0.9949457154825612,1.0347255146056598,0.8499671283408312,0.3423738334725455,1.773078918112001,0.6086807146383424,2.494986704222556,0.7904227531746242,2.991772835737582,1.9266164436021933,1.6719854439210853,1
0.483200863580601,-0.5892831413732038,3.885905048939344,1.0835025959957854,1.3215738949034428,1.1287314619846094,0.1109409114434419,0.5248523310722983,2.020138338574847,0.7073644816278338,-0.1648812225028924,-1.2828629198214578,-0.5653492251422174,0.988859158316103,1.0200055713778569,2.451803035233372,-0.2556646690686591,0.0045751825258638,-0.0995942917371871,1
1.6859547105508974,-0.0269682202482868,2.195586493656463,0.7922272664298708,0.8388907577898554,0.0845049464523119,-0.333573343387298,-1.003324842927246,-0.2192148451634928,0.2590221973321149,-0.7197759413578096,-0.9350043790918392,-0.6660199734334182,0.4048403576026071,0.0086942500957239,0.8693273575995778,-0.5857613385132496,-0.5420245131218971,-0.3555665088302408,1
0.783889325323175,-0.0161405901881151,0.9433177373823444,-0.7519086294025354,-0.4911525238149345,-0.7853679585010902,0.1817003234369065,-1.3789899181683212,-1.0415855763359003,-0.6931714159816502,-0.8385468627759719,-0.7788131094986585,-0.4383440758079539,-0.725988289762305,-0.9040415994368868,-0.3668447783913642,-0.6691371066186645,-0.8058231392422888,-0.6443641786334142,1
0.9239360061347852,1.5506174795187295,0.2544884995358524,0.1025827037981602,0.5815612619785108,0.4351073155511777,0.7550329949736975,-1.1564260811387028,-0.5046063051053997,-0.4533438766044166,0.7728038545532356,0.8387956980710272,-0.1079973487994108,0.26894678624545,1.0820716091460738,-0.8315052266716473,1.57243826195863,1.918791908081673,0.4803220394749255,1
0.3307971226973784,-0.6329545826158963,0.9758864956729592,-0.5864341102784513,-0.4404479545219299,-0.9131009297295418,-0.3956239046738746,-1.1861957663464864,-0.8675799094975336,-1.278151348824636,-0.9266794254843532,-1.260705553669867,-1.4050499368823994,-0.352280968530124,-0.9661076372051044,-1.05068468340763,-1.0741746415587836,-0.9150871888324086,-0.6228121137227296,1
0.8086034454664001,0.0545999262050066,0.5948320236727715,0.0227330875895733,1.2758941027475827,-0.2727304404403161,-0.8682604899122736,-0.9919840104671376,-0.4569487020859745,0.0640288863844525,-0.8396816168022601,-1.102092714005474,-0.8493607401889166,0.5099960973432643,0.2021942501966374,1.027136566449485,-0.3116270036919435,-0.7499335998100024,-0.3784448546585059,1
1.8012872712192811,2.767643098282029,3.4983368252810343,0.6013917056797887,0.7810296877257661,0.1887380832114342,0.7260034926174043,-0.8587292290608699,-0.097854204916352,-0.1188662994314202,-0.5658276451247141,-0.8320876510653247,-0.8300266229674275,-0.0529915554220996,-0.1555982028201461,0.3389130722984999,-0.4081417547089122,-0.5979140525541834,-0.346945682865967,1
-0.9345658286357552,0.1635980688107351,-0.4457398037123541,-0.3129868396773471,-0.5382027097354705,0.196318674975734,-0.0360209442352923,0.299453285927652,-0.4475280131170182,0.0369860184428056,-0.1803895275288307,1.7553599700248086,0.1430128282312986,0.0634886485983202,0.402996137093812,-0.4852016850287945,0.3007144838526899,0.5774429617067995,0.0545858649315564,0
-0.1980850483676424,-0.2424380584457035,0.7104511156044524,-0.6036344206881626,-0.8026887063178998,-0.4122133289034325,1.2684923179006335,-0.5964724784208734,-0.7595190654418605,-1.195599436160662,-0.2972691922365128,-0.0293371724585124,-0.5350146619153986,-0.7356949734306731,-0.6448246181696253,-1.396988225050482,-0.304489778406655,-0.0792591266225655,-0.0299645435642061,0
-0.3949742055086704,-0.6159912955216273,-0.3317491496952042,-0.6252289709835667,-0.8649654896237222,-0.7988235088827224,0.0038946215046108,-0.7240568435970883,-0.73846105480537,-0.1501790938901686,-0.6195393357023542,0.6523348025876952,-0.5076802203263969,1.1376949745644174,0.7242791561292912,-0.2967073522358502,-0.8866602681543874,-0.2066872765281786,-0.1990653605557313,0
-0.9255039845832392,-0.3081256808107454,-0.0760843971138821,-0.0542288852655583,-0.4355754433586384,0.4654296826083768,0.4937674737670587,0.8253843912651581,0.1698041934369315,0.8425788213360664,1.4430652327474502,0.8157907823945119,0.6203655154928868,-0.478467856218912,-0.5243434860313209,0.0495961894070031,0.9171112130366916,1.2503530164715275,1.3758932290712185,0
-0.0687478196180968,-0.9924319006135968,-0.818652086139888,-1.023849303471402,-1.2375603276416869,-1.4704639391996848,-0.9018258520117376,-1.2811752381998898,-1.2604780553204695,-2.2822957347631427,-0.9130623771688954,-0.6274649800479019,-1.183040935683923,-0.7162816060939368,-1.1084944297321924,-2.047074493729407,-1.3281949778488222,-1.2166112540695937,-0.8974848917536696,0
-0.8130547379315641,-0.7751574574061513,-1.5465638339351169,-0.7049530374811337,-0.4127355472807084,-0.5355874598674119,-1.2474583644413535,-0.013837210782828,-0.2064692071466701,0.1408875636922899,-0.3698934499189559,-0.4385825144933576,-0.189667326717769,-0.2713919379603877,-0.1555982028201461,0.1504187395055549,-0.4780541205716241,-0.796880812933123,-0.6324276503751889,0
2.2790935939883044,2.749597048181743,0.4075616635017396,1.640943312923656,1.0581537601379838,1.7389690990107436,0.2452023598412981,-0.1215751191538539,0.2568070268561149,-0.1672587999585772,0.3098242118276604,-0.1576803862327537,-0.451344602905162,-0.109613876820915,-0.3308434859304073,-0.2265699260803349,0.618645428379175,1.3481597104780287,1.0410072973821198,1
-1.2550255864929096,-0.493639075841687,-0.7811980141056816,-0.9763915127059212,-0.9595226593863524,-1.0887811438671895,0.3486199619855926,0.0457021596327371,-0.1216830064260645,-0.4263010086627696,0.1763014880677519,-0.3102393007191164,2.25309838016276,-0.0966716319297569,0.9834961373965524,0.6282299551899967,-0.3769974989185627,-0.8276200596208805,-0.7807390139836383,0
0.956888166325752,0.0578482152230582,1.467674745861234,-0.399365040858963,-0.0153213555247262,-0.6456955552438663,0.3921642155200324,-1.091216294493082,-0.2474769120703618,-0.5558221130148664,-0.3948580384972958,-0.76912682921381,-0.5323478871262276,-0.6418636979697792,-0.9989661277882788,-0.03807559328739,-0.5310966812145631,-0.7706127293999484,-0.5196937723808388,1
-0.6495296429838904,0.8518744196356495,-1.0889727799519866,-0.3704886073244112,-0.3828914164055464,-0.6110143479221948,1.9524999671707928,-0.5737908135006584,-1.3086898165145393,1.860244641245396,-0.2999169516311852,0.7552515306142097,2.379770182648377,-1.101313391605881,0.7425338731199433,0.1548023286402741,1.184757161235008,-0.5917662032166319,-0.6374012038161161,0
-0.831178426036596,-0.6051636654614556,-1.0889727799519866,-1.0962036019321075,-1.575895321542757,-1.2436147306530132,0.1145695992379785,-0.6503414326063869,-1.1130719808650382,-0.1829151971879513,-0.8200125470132651,0.3678003192202728,0.4616924155372189,-0.2309474226755195,0.5198263258339855,-0.2835565848316903,-1.3728026358818748,-0.9210673695516636,-1.0081961913487094,0
1.1916723076863922,-0.2774473956402589,-0.2242722473361771,-0.1079641615820288,0.2252588831628028,-0.8623109649087332,-0.7055138423273047,-1.8198647800550167,-1.4727206362093053,-0.5074296124877095,-0.8014782312505582,-0.1504156760191173,0.1766808599445808,-0.539943519451912,-0.9551548070107132,-0.3536940109872055,0.4596799561159325,-0.8013519760877059,-0.1877919727562962,1
-0.2359800325872545,-0.5311748600502824,0.0688465772793514,-0.8641500710542284,-0.9555637440661776,-1.209502067713664,-0.0922656050506107,-1.0770402539179476,-1.1812334363463088,-1.2012926715167989,-1.0095164694033902,-0.8599357068842638,-1.1000375703709795,-0.9152686212954876,-0.8711831088537133,-1.1997267139880985,-1.0952618980834996,-1.1292000143974978,-0.7043783901539359,0
-0.1227069819308054,-0.5676278812528603,-0.6411523534560403,-0.5525356883031077,-0.2234689417815949,-0.5204262763388121,-0.5395013757272529,-0.604978102765955,-0.821584781002042,-0.0854185417141207,-0.8328730926445309,-0.6371512603327503,-0.9353642271396774,0.0877553577692411,1.089373495942335,-0.6079421808009453,-0.2216006392979643,-0.562703642711843,-0.5744028602310381,0
1.4099803689515489,0.8334674485333576,1.664715733519451,1.2969371047294294,1.1053562120323723,0.7762339449446691,-0.3916323480998845,-0.0847174136585037,0.7344913733996553,0.4013530812355169,-0.1319733557405354,-0.7497542686441132,0.1170117740368825,0.5779428830218425,0.3299772691312031,2.009060532626687,0.183923524638879,-0.0552266246666824,0.2648013903680798,1
-0.73026243545176,0.5656640650451107,-1.2078487477127282,-0.8330137427213203,-0.4827778952530269,-1.1549218070107057,0.0927974724707586,-0.2364010478124475,-0.9457162121224056,-1.297366018151595,-0.6770335397009551,1.04947229426648,0.3310204508678457,0.3239513270328709,1.0565150053591614,-1.2610969618741732,1.0809429752671764,-0.6180342867498065,-0.5555033571555147,0
1.4511705691902574,0.2372259532199026,0.484098245484683,0.9265654572210468,1.6839669126732657,0.7553873175928444,-0.4023369770937675,-0.5496915445229286,-0.336696378188123,0.5223343325534098,-0.6921635933847974,-0.5221266819501752,-0.4623450489104919,1.115046046004891,0.2971187785480286,0.8517930010606987,0.5180754357228378,-0.1949504732473985,-0.043227352740012,1
0.6932708847980156,-0.4254250064626054,-0.0956256520882508,1.3308355267047731,0.8921838486383588,1.4376405763798266,-0.5434929323012432,0.573050869027756,1.238775312326132,0.7287141142133439,0.1082162464904616,-0.8066611653175976,-0.8260264607836711,-0.2115340553387822,0.2350527407798109,0.1811038634485927,0.0476674055560996,0.5215534222745132,0.2263392437582426,1
-0.3249508651028653,-0.4109881663823764,-0.974982125934836,0.2850064339099162,-0.1965178644096376,-0.1618642858874316,0.3123330840402261,-0.4887345700498485,-0.702440773453479,-1.2938077460540105,-0.0374105202165208,-0.2133764978706319,-0.2076680565446725,-1.458842906724115,-1.385966127990106,-1.451344730321006,0.9641520160533652,0.7898232115494878,1.570856523955565,0
-0.5000092161173777,-0.4810068407714868,-0.4229416729089246,-1.0915205977110694,-1.6114951062295568,-1.1784216414800348,0.2415736720467615,-0.6021428946509281,-1.088134863006036,-0.8846064548317268,-0.6732510262799946,0.6256975318043619,-0.2193351962472952,-0.6402459173583847,-0.4184661274855384,-1.2523297836047338,-1.4391463891019427,-0.9763980135896267,-0.9958286217922704,0
-0.5807420085852466,-0.4727056577253551,0.262630689108506,-0.2895090437166461,0.0136091795073184,-0.0614214450104592,0.3141474279374942,0.6892944017438625,0.8791266569818645,-0.7337357178941201,1.5962570262963536,-0.2206412080842684,-0.107330655102118,-0.7049571418141737,-0.8164189578817566,-0.9104098310966008,0.7354363875929859,1.4577032077653105,0.3970979118967436,0
-0.4151574036256375,-0.9094200701522804,-1.6507838604650826,-0.8311304970560235,-0.928003602798809,-1.2707153462103853,-1.3568633014466336,-0.9905664064096248,-0.8199223064781085,-1.9079655100971933,-0.6482864377016547,-0.5269698220925997,-0.7700241902110827,-0.9573309171917508,-1.7328057508124972,-1.5872359934973157,-0.9555993760236507,-0.6722471399991243,-0.5097466654989844,0
-0.7516813395758883,0.2938905505348011,-0.5450745164987282,0.0494751760367888,-0.3268575380276914,0.2607537049722823,1.248534535030682,-0.0662885609108276,-0.7678314380615275,-1.150053553311574,1.029636515836459,1.6512324569626882,2.8997912665367,0.0877553577692411,2.8600810440356006,-1.2961656749519304,3.742803587348615,3.1936323025321256,1.627886603411531,0
-0.8155261499458868,-0.5037448638978473,0.0753603289374742,-0.8136790872242725,-0.8005569826839596,-1.0283259245468988,1.3737242639421965,-0.4603824888995788,-0.7761438106811946,-0.6568770405862827,-0.3279075509462935,1.648810886891476,-0.1676664347071092,0.5925029085243951,0.7352319863236823,-0.9016426528271618,-0.3036787300787813,-0.6443023702829811,-0.601260048812045,0
0.1672720277497046,1.7177239034473797,-0.5776432747893423,0.5951142201287992,-0.190427225455523,1.1988519358043828,1.003598108899458,1.2931937302446097,0.2241116945520902,-0.6255642461275344,7.211398199712335,2.4491397954270764,0.2403501080360357,-1.017188799813355,-0.3564000897173207,-1.426358272253104,2.581382381833496,4.522685550231896,2.244938800315899,0
0.2084622279884134,-0.4239813224545825,0.0835025185101279,-0.3691075605031935,0.522177532175893,-0.1158121909193102,-0.4877925746551056,-0.6063957068234679,0.0429019714433457,-0.4583254575410357,-0.3706499526031481,-0.6444159705463868,-0.56968273417462,0.0990798220490047,0.246005570974203,-0.0468427715568295,0.0119812791296574,-0.2418976863705191,-0.5482088121088214,0
-0.3636696533272515,-0.7065824670250639,-0.9358996159860992,-0.3421143726339385,-0.1371341346070196,-0.4721000038414009,-0.8223575893113849,0.2696836007198684,0.6591258616480062,0.2946049183079656,0.352188362142419,0.6910799237270886,0.561363123282481,0.7753121176119996,-0.2979849953472339,0.6983673813455107,-0.077234036936448,-0.3044939705346799,-0.2832841988220987,0
-0.676715175141438,-0.7152445710732013,0.0118512502707762,-0.7773952207395529,-0.3533518174780903,-0.9081735450827472,0.0383671555527088,-0.8006074627028167,-0.7689397544108169,-0.8995511976415843,-0.760627086304184,-0.3175040109327528,0.1846811843120937,0.3239513270328709,0.2314017973816808,0.1986382199874706,-0.5220129399423777,-0.5856183538790805,-0.5893235205538196,0
-0.4196883256518954,-0.8101667946007065,-1.334866905046124,-0.95316481616726,-0.7792397463445583,-0.386818346493028,-0.9502688340688016,-0.2548299005601226,-0.8160431992555971,0.0220412756329492,-0.9089016124058388,-0.8236121558160823,-0.3256728409654842,-0.8602640805080671,-0.6338717879752342,-0.1125966085776244,-0.61933873928722,-0.7644648800623969,-0.839857985884793,0
-0.1610138681528042,-0.6715731298305088,-1.4244309903453134,-0.9814135011467128,-0.8616156381989591,-0.7984444792945073,-0.9475473182228992,-0.521339463372659,-0.8869754456100906,-0.3117246471205304,-0.7538185621464548,0.1208001719566382,-0.8976960332426386,-0.1257916829348623,-0.8018151842892344,-0.6736960178217395,-0.8057176450325934,-0.9682940303719454,-0.9158538824621608,0
-0.9403324566691744,-0.8296565287090155,-1.768031390311294,-0.9596934011402892,-1.2587252980072354,-1.0827166704557498,-0.3444594067709079,-0.3526445805285529,-0.9706533299814069,-0.7956496523921001,-0.1387818798982644,1.073687994978601,-1.1877077915649723,-1.225882498683275,-1.323900090221888,-1.720497103192793,-0.3898120624989669,-0.7415501688951595,-0.7020573985481698,0
-0.698957883270341,0.865589417711867,-0.3724600975584721,-0.7777718698726124,-0.6548384457067663,-0.8566255210855084,1.6114033144843471,0.0102620581948997,-0.8199223064781085,0.2362492559075704,-0.3922102791026233,-0.5802443636592659,-0.4816791661319807,-1.4928162995634042,-0.7032397125397131,-0.8183544592674885,0.4093949597877637,-0.8622715740688981,-0.6357433526691403,1
-0.0308528353984846,-0.6322327406118848,-0.0679422075412284,-0.8041373091867685,-0.5985000353812056,-0.98814878819611,-0.9939945219929684,-0.983478386122057,-0.3982079355736602,-2.177682535094142,-0.6951896041215659,-1.1517349004653223,-1.2907119677966976,-0.4283166572656757,-0.6448246181696253,-1.662195367701021,-1.0629821746341268,-0.6543624873807927,-0.6997364069424038,0
-1.0346580152158178,-0.427229611472634,-0.2372997506524231,-0.8016263149663726,-1.2692316502030832,-0.6892839578885902,-0.133995514687782,0.3915975496660286,-0.8963961345790469,0.3657703602596671,-0.6898940853322211,1.706928568600566,1.0430493195764718,-1.089988927326118,-0.4257680142817985,-0.7920529244591705,0.114173368441742,-0.6174753913554837,-0.4404484875553985,0
1.545908029739287,2.5474812870585377,0.091644708082781,1.6434543071440522,1.2698034637934683,1.1344169058078348,-0.1013373245369521,0.3859271334359749,0.850310431900352,1.326503826607636,0.3752616940102783,-0.2061117876569959,-0.3283396157546551,0.1087865057173728,-0.071626504663146,0.7509704509621469,0.8976460531677234,0.3661805026527571,0.8118922688700729,1
-0.475295095974152,-0.147876755920204,-0.4245701108234549,-0.2573683176955798,-0.5840347678651833,-0.0557360011872342,-0.3208729361064195,-0.0436068959906126,-0.3494420162049457,-0.8433304984997403,0.3238195114852145,0.8303202028217848,-0.1703332094962801,-0.3490454073073339,-0.1117868820425805,-1.1997267139880985,0.3623541567710901,0.4589571381103522,0.5048582364501666,0
1.7600970709805726,2.406722096276306,0.6111164028180789,1.751427058621072,1.1830118586973342,1.5058659022585246,0.9546108236732136,1.6858700541758482,0.5953976715638911,0.8283457329457257,0.8068464753418808,0.8254770626793603,0.3076861714626008,0.6361829850320533,1.5968546282824665,0.102199259023638,1.2269316742844396,1.220731560572416,1.4786800001837144,1
-1.0342461132134304,-0.9263833572465496,-0.1851897373874402,-0.8264851577482911,-0.7510705411817779,-0.711836218387382,0.6280289221649146,0.4539721281966237,-0.3062176785826762,0.7429472026036845,-0.1807677788709268,-0.3187147959683588,0.6113651505794347,-1.1126378558856442,-1.2034189580835837,0.391516141915136,-0.4212807376204658,-0.900723577198311,-0.4580217097133414,0
-0.7570360656069203,-0.2792520006502875,-0.6623220463449394,-0.6950346103105703,-0.9062295685378492,-0.5192891875741673,-0.2864004020583215,-0.0521125203356932,-0.4192659462101499,-0.5572454218539009,-0.1452121527138974,-0.1940039373009355,-0.1296648939614242,-1.1207267589426178,-1.4626359393508448,-0.7876693353244507,-0.6470765921005003,0.0582291403808587,-0.3210832049731455,0
-0.7306743374541466,-0.5557174881866715,0.9677443061003056,-0.8670377144076835,-1.0119021543917386,-0.8994558645538022,1.0326276112557513,-0.5695380013281177,-0.9141291961676704,-1.538616866367863,-0.5991137632291672,1.3800166089869326,-0.3063387237439953,0.555293954462317,0.4504584012695076,-1.6183594763538252,-0.7783042115504628,-0.1178229088308433,-0.5283145983451126,0
-0.3253627671052527,-0.7755183784081571,-0.8512208444305022,-1.096530031180759,-1.3643978838611248,-0.9822738295787776,-1.1672643641820937,-0.5468563364079018,-0.0053097897507244,-0.8006312333287191,-0.4576477612852414,-0.8599357068842638,-1.1363723768734328,-0.4040499480947548,-0.6557774483640165,-0.8578067614799653,-1.526415189181151,-0.984613775886173,-1.020099562583995,0
-1.4667432157198728,-0.8321829757230556,-0.9131014851826692,-1.0686579953343656,-1.5335653808116596,-1.3868879149982796,0.1599281966696865,0.784273873597267,-0.3272756892191666,-1.8723827891213427,-0.6210523410707385,0.7830995864331486,0.1160117334909433,0.145995459779451,-0.0862302782556682,-1.4798380596966836,-1.3502554923669867,-1.151052824315522,-0.935449683019414,0
-0.2586346427185442,-0.6524443167242054,-1.4228025524307824,-1.0802462336614922,-1.408555016278456,-1.2925095475327468,-0.9624249381804996,-1.339297004557943,-1.220578666746067,-1.60835899948053,-0.8430858788811245,-0.6952689420418408,-1.2343763503754628,-1.0252777028703288,-1.630579335664845,-1.8471828291861905,-1.387563715449176,-1.2145992306500315,-0.9901919278925528,0
-0.3813814394298966,-0.0276900622522982,-1.34789440836237,-1.057634730706828,-1.2072593988449667,-1.2695782574457402,-0.7046066703786704,-1.0798754620329745,-1.0055652949840093,-0.913784286031925,-0.5756621800192115,-0.7654944741069919,-0.9643654029719108,-1.284122600693485,-1.309296316629366,-1.3487687445685663,-1.131434653506666,-1.1606658250978752,-0.9636331525180016,0
-0.726555317430276,-0.8845165210138856,0.1421262834332335,-0.9161276514164218,-0.870903862603984,-0.9818947999905624,0.3867211838282273,-0.2151369869497445,-0.7960935049683958,-0.5849999442150645,-0.8071520013819992,0.3569032538998183,-0.3256728409654842,0.9484146430312348,0.4541093446676377,-0.441365793681598,-0.6744900255826309,-0.9148077411352472,-0.7120045054300242,0
0.0292848569500304,-0.3218406788869627,-0.6395239155415092,-0.9332024121151132,-0.8599407124865777,-1.311271512149389,-0.5540161269053995,-1.4527053291590226,-1.4959952795443732,-1.4361386299574133,-1.096968179695999,-0.6783179515433561,-0.6700201356171746,-0.5998014020735165,-0.6557774483640165,-1.3706866902421646,-0.8876335261478357,-1.08745052844158,-0.8809395373068518,0
-0.3986813235301538,-0.2839439736763618,-1.5107381998154414,-0.6061454149085584,-0.46435371241683,-0.4711524298708635,-1.0114122234067444,-0.1981257382595823,-0.078458668803795,-0.5992330326054042,0.2258524138823355,-0.3913618981047219,-0.1823336960475493,-0.5447968612860956,-0.7689566937060609,-0.5684898785884679,-0.1794261262485326,0.123061006122311,-0.0173648748471904,0
-0.751269437573501,-0.9888226905935396,-2.0855767836447834,-0.9432463889966964,-1.0271287517770251,-0.8462022074095961,-1.5542639174694273,-0.2548299005601226,-0.5323142138376237,-0.7394289532502559,-0.6970808608320462,-0.0269156023872999,-0.9723657273394234,0.7914899237259468,0.0780621746602018,-1.0156159703298724,-1.1564149420051757,-0.6750416169707386,-0.7249357443764349,0
-1.5602449702617414,-0.2467691104697723,-0.5271616994388898,-1.1148728439607505,-1.7450628184932917,-0.8693230122907105,2.830642413448662,1.5299336078493635,-0.1543783387300892,0.7856464677747046,1.1442466724915643,4.954254034095998,4.569858978254966,0.3902803321000545,1.2828734960432482,0.102199259023638,-1.9134474512424744,-0.6398312071283981,-1.057500684459768,0
-0.5263709442701513,-0.8430106057832273,-0.9717252501057748,-1.058714458221598,-1.3211543472869107,-1.250816292829098,-0.9103532683288986,-0.8601468331183829,-1.2305535138896675,-0.8006312333287191,-0.9270576768264496,-0.8006072401395674,-0.7043548610277496,-1.5915009168584824,-2.178220845384412,-0.963012900713237,-1.3635566849441152,-1.2556221525933298,-0.9706292843582393,0
-0.6062799327332462,-0.6997249679869552,-1.4993391344137263,-0.9738805184855256,-1.4630662349177823,-1.3686944947639597,-1.11990998846339,-0.8941693304987073,-1.3064731838159611,-1.353586717293439,-1.0760130553438771,-0.093508779345633,-0.5660159188395102,-0.983215406974066,-0.5060887690406686,-1.4145225815893612,-1.0941264304244764,-1.1016464714573806,-0.6851473168490173,0
1.1010538671612329,-0.0038692761199204,-0.1102815933190272,0.3038388905628849,0.9591808771336204,0.1394642367434854,-1.2093571425987186,-0.8729052696360042,-0.1089373684092419,0.0782619747747932,-0.5083334411261131,-0.9434798743410816,-0.7400229738329103,-0.1435872696602041,-0.0168623536911893,0.4835715137442483,-0.0593909737232271,-0.496753986181745,-0.2590795720762529,1
-1.313927572834263,0.2170143771075821,-0.3708316596439417,1.3647339486801169,-0.0016174178779682,1.7598157263625678,1.259420598414292,3.4918976234480343,1.1944426583545733,0.2362492559075704,1.5440583410870978,1.7396197645619291,0.9347115937664044,0.3789558678202917,1.892581043531033,-0.4501329719510376,2.185590797831137,2.2591592032242973,2.347725571428396,0
-0.5506731624109896,-0.0987914996474256,-0.890303354379239,-0.9463851317721912,-1.313845580541973,-1.322831914589946,1.7837659847248384,-1.0189184875598942,-1.364659792153632,-1.4795495495479511,-0.3154252566571235,1.6693942324967783,0.1053446343342597,-1.6173854066407982,-1.239928392064888,-2.1163352020579773,-0.0966991968054166,-0.8209133148890062,-0.7272898930051405,0
-1.0482507812945916,-0.1352445208500037,-0.8251658377980108,-0.270425487641638,-0.2613831692709588,0.1280933490970359,0.4611092836162289,1.4165252832482829,0.7245165262560548,0.6931313932374931,1.4377697139581056,0.8048937170740574,1.149720311143307,-0.4736145143847284,-0.2505227311715373,0.3432966614332191,0.5910697852314697,0.9597274114236384,0.2701065140384022,0
1.6118123501212211,0.6761058916588624,-0.4310838624815777,0.3352263183178325,0.4247273089100581,-0.3544113167006466,-0.9626063725702264,-1.678104374303668,-1.3641056339789872,-1.150053553311574,-0.8343860980129154,0.1680207883452744,-0.8350268256971229,0.2495334189087136,0.4249017974825943,-1.1821923574492197,0.1093070784744998,-0.6549213827751156,-0.180497427709603,1
-0.3768505174036386,-0.6639937887883886,-0.7486292558150673,-0.6377839420855457,0.0136091795073184,-0.3032423222916228,-0.3172442483118829,0.27818922506495,0.0877887835895481,1.2126391194849135,-0.2602005607110991,-1.0318671819403231,-0.3770082556570235,-0.8392329325599358,-0.9807114107976268,0.9789170859675692,-0.2735077322818804,-0.2972283304084825,-0.4268541081501976,0
1.809525311267024,0.5956205082115861,1.0068268160490423,2.105477243696882,2.3432785794561783,1.575986376078298,-0.3517167823599813,0.553204412222567,1.0226536242147852,1.468834710511039,-0.1701767412922373,0.864222183818754,-0.5186806663317268,4.298838289229709,2.7651565156842093,1.1761785970299536,0.3072028704756794,-0.0652867417644941,0.0002083473107521,1
-0.5749753805518274,-0.5329794650603109,-0.6997761183791459,-0.8645267201872877,-0.8990730677667644,-0.737041686003679,-0.743070761000759,-0.2137193828922315,-0.2402728557999833,-0.6853432173669631,-0.6543384591751916,-0.8732543422759305,-0.5460151079207285,-0.3878721419808075,-0.6338717879752342,-0.2967073522358502,-1.0793653508571752,-0.6314477762135553,-0.709020373365468,0
-0.4415191317784111,-0.7044169410130295,-0.7453723799860055,-0.7139926166745587,-0.8920688329695324,-0.524974631397392,-0.4832567149119347,-0.4192719712316878,-0.8348845771935097,0.4582854347968786,-0.760627086304184,0.0033540235028513,-0.0773294387239456,-0.3441920654731503,-0.381956693504234,0.2643920570082655,-0.8633020763116251,-0.8922283672046035,-0.6168438495936169,0
-0.079869173682548,-0.5344231490683339,-1.250188133490527,-0.8932776040108198,-0.8482162324999069,-0.9718505159028652,-0.2464848363184183,-0.8218715235655187,-0.7268237331378359,-0.2327310065541418,-0.4988771575737117,-0.7727591843206281,-0.1163310200155698,-1.295447064973248,-1.6013717884798016,-0.1871176238678588,-0.8384839974786903,-0.7912918589898943,-0.867941984314562,0
-0.6540605650101483,-0.6196005055416846,-0.5581020198149735,-1.0954628586370907,-1.3193271556006765,-1.2398244347708631,-0.5572819459204825,-0.2973580222855276,-0.752315009171482,-1.3898810926888074,-0.7715963752249696,-0.7122199325403257,-0.7706908839083755,-1.1805846415642227,-1.568513297896628,-1.3619195119727252,-1.272557062556687,-1.03905018729322,-1.0182427692993825,0
0.6150095043444692,0.116678338549991,0.7658180046984966,0.7407518849117565,0.6653075475975876,0.5222841208406254,0.0274810921690988,-0.0039139823802335,-0.1078290520599526,1.4617181663158687,-0.3804844874976456,-0.6274649800479019,-0.114664285772338,0.3271868882556609,0.4979206654452032,1.1674114187605142,0.3445110935578689,-0.2597823389888506,0.0194394206156708,1
0.6397236244876943,0.5970641922196088,-0.0760843971138821,1.1437664572852848,-0.1508380722537776,0.4540587949619273,0.4357084690544723,0.3575750522857062,-0.2447061211971389,1.4332519895351885,0.9048135729447596,2.382546618468743,1.1730545905485523,-0.2665385961262031,0.2094961369928985,0.4485028006664913,0.0103591824739101,0.6752496557133009,0.8785378849784975,1
0.5697002840818892,-0.2456863474637551,-0.6020698435073027,0.3967456767175299,1.2713261235319968,0.620831813776523,-0.8513870916676779,-0.4306128036917953,0.4042131013115461,-0.103209902202046,-0.2549050419217543,-0.7110091475047194,-0.4006758819109154,0.1912933168985037,-0.1081359386444505,0.4879551028789675,0.453191569492943,0.3896541092143172,0.1742827177432047,1
-0.3068271769978336,-0.493639075841687,-0.6069551572508951,-0.2225910477430978,-0.244024848251732,0.1546254202720852,-1.1801462058526986,0.3689158847458137,0.4274877446466144,-0.0405843132845484,0.2939376554596258,0.8436388382134512,-0.4380107289593075,1.1247527296732591,-0.1848057500051894,-0.1564324999248209,-0.3220084222887266,0.395243063157546,0.3990873332731144,0
-0.8249998960007899,-0.388250143256016,0.0167365640143686,-1.0520226586242434,-1.437181019362795,-0.692695224182525,1.3592095127640498,-0.3568973927010938,-1.037706469113389,0.6433155838713017,-0.6929200960689895,2.650130111337681,1.949752747894572,0.6329474238092633,0.4687131182601599,0.4397356223970518,-1.1077520423327545,-0.8069409300309346,-0.9481819798281876,0
-0.848066408134467,-0.6885364169247777,-0.5890423401910574,-1.1026480685987536,-1.4912354400805627,-1.132559061306021,-0.4005226331964991,-0.2817643776528784,-0.5411807446319358,-0.9465203893297076,-0.6675772561485536,-0.4288962342085092,-0.4746788823104074,-0.1387339278260205,-0.1409944292276239,-0.6912303743606186,-1.436388824787172,-1.025804366447768,-1.0252156912235622,0
-0.5803301065828599,-0.7982564015345176,0.4531579251085998,-1.0174964880938009,-1.1385874446373236,-1.1810748485975398,0.5717842613495967,-0.4745585294747132,-0.6581081194819209,-0.9415388083930888,-0.5949529984661105,-0.1395186106986628,0.280018383024953,-0.5609746674000429,-0.995315184390148,-0.4457493828163177,-0.8555160123640377,-0.9527008488703372,-0.8252688957914066,0
0.8168414855141419,1.4831252521436598,1.2168953070235042,0.7784167982176937,1.0368365237985822,0.0238602123379135,1.654947568018787,-0.2959404182280137,-0.4408781150212847,1.1058909565573614,-0.0234152205589666,-0.2727049646153286,-0.1953342231447573,-0.4493478052138075,-0.3089378255416251,0.5493253507650432,0.9154891163809444,-0.4196264217651898,0.4352284882771855,1
-0.3249508651028653,-0.8076403475866664,-1.4276878661743748,-0.6455680241687728,-0.8543068714540215,-0.0889010901560459,-1.044433282337028,1.3584035168902306,0.9395298980181132,-0.1238478803680393,0.7209834206860757,-0.5027541213804788,-0.6033507658879023,-0.7583439019901995,-0.5827585804014076,-0.7964365135938902,-0.726883747563271,-0.1357075614491748,-0.025322560352674,0
1.2740527081638098,0.8554836296557067,1.4155647325962513,0.2159540928490312,1.3733443260134175,0.6795813999498462,0.56815557355506,-0.2789291695378514,0.8176150995963273,-0.3700803095209256,0.2458997350134266,0.1377511624551231,0.1690138824257147,1.259028520419022,0.5161753824358555,0.7641212183663055,1.032280075594755,0.7540539063128243,0.2402651933928389,1
-1.135162103798267,-0.517098940972059,0.189350982954624,-0.799617519590056,-0.755486254423511,-0.5890306318057252,1.448112363730198,0.0726366367254948,-0.4048578336693936,0.3088380066983053,-0.3846452522607022,0.0554177800339115,0.2540173288305366,-0.0109292595258369,0.2861659483536375,0.3432966614332191,-0.6087951110248623,-0.6141220189895465,-0.4971469967819688,0
2.600377155850232,2.1793418650127,0.8228133317070718,1.7828144863760198,1.4357733752930928,0.4540587949619273,-0.5304296562409112,-1.0968867107231366,-0.3638501287457019,0.7500637467988539,-0.2560397959480424,-0.696479727077447,-0.249669759474114,-0.4978812235556493,-0.0533717876724938,0.83864223365654,0.196900297884858,-0.3223786231530116,0.1301838772336499,1
0.0898344513009323,-0.2023758272230683,-0.6786064254902462,-0.109596307825286,0.4079780517862429,0.1811574914471345,-0.8096571820305066,0.1874625653840863,0.2047161584395332,0.0818202468723779,-0.1595857037135476,-0.2194304230486624,-0.821359604902622,0.2462978576859245,0.3664867031125076,-0.1301309651165035,0.1028186918515103,0.2823461935043274,0.2157289964175979,0
-1.2492589584594902,-0.7968127175264947,-0.4245701108234549,-0.0574931777520728,-0.5086631108080144,-0.2285734934132697,-0.497045728531174,1.1982142583912054,0.7926779817373262,-0.8219808659142301,0.0893036793856585,-0.3683569824282066,-0.3623409943165838,0.1314354342768992,0.8192036844806824,-0.3975299023344014,-0.5330431972014599,0.5159644683312843,0.6096344289390331,0
-0.843535486108209,-0.8845165210138856,-0.9407849297296916,-0.4372810535869399,-0.108203599574975,-0.2533999314413517,-0.7154927337622804,0.889176573853266,0.3798301416271892,0.4938681557727293,-0.3320683157093502,0.3556924688642124,0.125012098404395,0.647507449311816,-0.1300415990332327,0.4134340875887343,-0.2751298289376277,-0.3749147902193608,-0.1430299917879514,0
1.5623841098347713,0.7847431132625852,1.4627894321176418,1.224118272337951,1.6885348918888516,0.5601870796621243,1.9361708720953767,-0.8006074627028167,-0.2641016573096959,0.1145563501701607,-0.1917370677917125,2.060477798997534,-0.7616905189949237,1.8511362241894915,0.9871470807946824,-0.4632837393551963,1.0160591090372812,0.4583982427160296,0.3831719622621475,1
-0.6977221772631798,-0.2186172723133258,-1.2241331268580355,-0.6119207016154689,-0.5476432001143481,-0.5975587975405626,-0.8660832772355513,0.320717346790356,-0.3261673728698773,1.326503826607636,-0.2628483201057715,-0.1225676202001784,0.831707417534679,-0.2196229583957559,0.7206282127311601,0.5975448312469589,-0.0950771001496693,-0.8108531977911946,-0.5100782357283795,0
-1.0614316453709782,-0.2424380584457035,-1.0091793221399812,-0.6652793287988799,-1.1247312410167127,-0.2416500142066868,2.3443982489807507,1.0281017714895877,0.051768502237657,0.1750469758291072,1.120795089281609,1.962404211113443,3.439813161343804,-0.75510834076741,-0.6521265049658864,0.1591859177749945,0.1887898146061209,1.1866389415187213,-0.191770815509038,0
-0.6305821508740845,-0.5853130103511408,0.2251766170742996,-1.0205850109848875,-0.9695722136606416,-0.8793672963784078,-0.1176664196123672,-0.3285453115508241,-0.1726655584933569,-0.889588035768346,-0.3937232844710076,-0.0874548541676026,0.0463422421238539,-0.0335781880853633,-0.9369000900200612,-0.1520489107901018,-1.022105338909293,-0.8114120931855175,-0.8641289266765179,0
0.1194913954728026,-0.2251138503494289,-1.261587198892242,-0.5363397755815548,0.1597845144060701,-0.5029909152809228,-1.4855002837629578,-0.521339463372659,-0.1150331083303311,-0.5415890246245267,-0.3827539955502219,0.1316972372770926,-0.7696908433624362,0.336893571924029,-1.0610321655564956,-0.4545165610857573,-0.1826703195600272,-0.5822649815131432,-0.4424379089317694,0
-0.7805144797429846,-0.8462588948012788,-0.795853955336458,-0.7900757415525518,-0.7480252217047207,-0.8619319353205181,-0.8261677114956484,0.130758403083547,0.204162000264889,-0.398546486301607,-0.2972691922365128,-0.3623030572501766,0.7167027547516848,-0.0804938258158096,-0.6484755615677564,0.9087796598120552,-0.8890934131380083,-0.9462176622961922,-0.7458246688283293,0
-0.6071037367380203,-0.1594262279843873,-1.295784395097387,-0.9678541323565756,-1.0193631871105289,0.3081324034991561,-0.3027294971337362,0.427037651103866,-0.4458655385930853,1.3834361801689967,-0.2575528013164266,0.8230554926081483,-0.4136764090081234,0.3611602810949499,2.36355274188986,-0.1345145542512227,-0.207001769396238,-0.0731112772850141,-0.7983453931645206,0
-0.7525051435806623,-0.1868562241368223,-0.966839936362183,-1.0105912539877124,-1.096105237932374,-1.289477310827027,-0.987825752742256,-0.7779257977826007,-0.8697965421961115,-1.4767029318698832,-0.4262528998912687,0.1958688441642133,-0.152665826518023,-0.2746274991831767,-0.5133906558369297,-1.4373172450899032,-0.8921753967839283,-1.033237675192262,-0.8602495549925946,0
0.6232475443922105,0.4158818492127356,-0.2454419402250762,2.5436457351559514,1.5058157232654117,2.502713719263949,0.194400730717785,1.8758289978826552,1.1667347496223492,1.9883424367584583,1.337154856960554,4.224150657625548,0.7627046198648828,2.174692346468436,2.056873496446902,0.992067853371728,1.7897992138287784,2.241833446000288,2.2426178087101336,1
3.387109980409569,2.128091082727887,-0.3415197771823889,3.1136414231858014,2.451387420891713,2.500818571322874,-0.66396536707986,-0.225060215352339,0.2329782253464022,1.3193872824124655,-0.1550466876083949,0.3399522634013335,-0.2240020521283443,1.2768241071443636,0.5271282126302466,0.9043960706773349,0.5326743056245641,0.9474317127485355,0.3569779141399307,1
0.2484167222199609,0.8959067818803477,1.228294372425219,0.4356660871336651,0.5785159425014538,-0.126045989801115,0.5246113200206202,0.2611779763747888,0.5782187681499128,0.4298192580161982,0.405521801377963,0.0796334807460324,1.159720716602698,-0.3991966062605703,-0.6010132973920598,1.47426265819089,0.9187333096924388,-0.0652867417644941,0.5711722823291959,1
-0.8538330361678862,0.0614574252431154,-1.6051875988582225,-0.5492713958165932,-1.1478756690423484,-0.828198301969384,-0.7396235075959491,-0.2789291695378514,-0.7628440144897269,-1.680947750271266,0.3919047530625051,1.2686243857111754,-0.5000132428075307,-0.5253834939493592,-0.4440227312724508,-1.9168818964282333,0.4726567293619115,0.4690172552081637,0.436223198965371,0
-0.4139216976184762,-0.162313596000433,-0.5287901373534207,0.178289179543094,-0.334318570746482,-0.0102524506014354,0.473809690897107,-0.1357511597289893,-0.6686371248001658,-0.6234292828689831,0.1551194129103728,0.7080309142255734,0.9373783685555758,-1.2614736721339586,-1.017220844778931,-0.998081613790994,1.275594573956861,0.9429605495939524,1.0217762240772013,0
-0.2833487628617693,-0.3413304129952719,-0.1347081620369877,0.0907810309623,0.1704431325757709,0.4938569017245011,0.5318686956096934,0.3136293265027873,-0.042992545626549,0.8425788213360664,0.7262789394754202,0.975614407094511,0.2553507162251219,0.3433646943696081,0.8155527410825513,0.0846649024847601,1.1296058749395974,0.7736152451141248,0.6374863282082254,0
-0.1420663760429985,-0.544528937124494,-0.0158321942762461,-0.9262971780090248,-0.8990730677667644,-0.9366007641988712,0.2651601427112495,-0.56244998104055,-0.7101989878985018,-0.6355274080007727,-0.6460169296490784,-0.6177786997630534,-0.4676785984888338,-0.8715885447878303,-1.4151736751751491,-0.748217033111974,-0.9333766518399116,-0.9802543918104546,-0.8832936859355573,0
-1.4510909396291631,0.4797648665677488,-1.2990412709264485,-0.5221526582363184,-1.0199722510059406,-0.5185311283977371,-0.0305779125434875,0.4837418134044072,-0.5339766883615573,-0.9557718967834284,0.1433936213053947,0.9477663512755716,1.296392924547706,-0.75510834076741,0.4322036842788554,-1.3531523337032856,0.5294301123130695,0.1962763027786061,0.0081660328162358,0
-1.3242251228939403,0.3707667239620204,-0.1070247174899659,-0.7746331270971176,-0.975815118588609,-0.8486658997329936,0.0546962506281239,0.9628919848439664,-0.1432951752371993,0.323071095088646,-0.4092315894969459,-0.1358862555918448,-0.0683290738104939,-0.7227527285395154,-1.1157963165284523,0.0408290111375635,-0.848540996744324,-0.92196160218258,-0.2789737858399618,0
-0.5168971982152482,-0.1951574071829538,-0.7649136349603741,-1.0998822084649875,-1.4961079512438544,-1.4752018090523722,-0.4792651583379445,-1.551937613184967,-1.5924188019325125,-1.56565973430951,-1.035237560665922,-0.0135969669956335,-0.4193433054351115,-1.0802822436577495,-1.0354755617695834,-1.72882592254876,-1.3267350908586495,-1.1616718368076564,-1.0312104809710263,0
-0.2771702328259633,-0.5163770989680477,0.5736623307838724,-0.6950346103105703,-0.8902416412832981,-0.7696382305901682,0.5844846686304748,-0.8275419397955734,-0.9623409573617396,-0.750103769543012,-0.695567855463662,-0.2727049646153286,-0.5143471572993241,-0.4266988766542811,0.012345193493854,-0.8052036918633292,-0.8754678012297304,-0.2810203639731196,-0.4623321226954782,0
-0.4159812076304115,-0.6636328677863829,0.0509337602195131,-0.7773952207395529,-0.4794280438282639,-0.4703943706944336,0.12364131872432,-0.1371687637865022,-0.6409292160679418,0.0284461654086018,-0.6286173679126597,-0.1758421617668446,-0.4776790039482245,-0.2535963512350458,-0.1921076368014505,-0.1125966085776244,-0.2918374244918255,-0.5040196263079424,-0.5505298037145876,0
0.6026524442728561,-0.2391897694276522,-0.0370018871651452,-0.3789004379627372,-0.3559403390335889,-0.3726047369349659,0.4030502789036424,-0.9735551577194624,-1.0670768523695464,0.0355627096037721,-0.6785465450693393,-0.4361609444221457,0.0720099494696239,-0.819819565223199,-1.1559566939078878,0.0627469568111618,-0.2378216058554379,-0.4151552586106069,-0.4500640242078578,0
-0.2672845847686728,-0.8906521780479827,-0.647666105114163,-0.841048924226587,-0.6811804591833122,-0.8979397462009423,-1.0966863865783556,-0.8204539195080057,-0.450298803990241,-1.209120870131486,-0.6509341970963272,-0.9241073137713848,-0.882362078204906,-0.2584496930692295,-0.5900604671976687,-0.4852016850287945,-1.023889645230615,-0.7253422024597964,-0.5763922816074089,0
1.7230258907657356,0.6241332673700379,0.1128144009716806,0.1153887743221788,0.9424316200098048,0.1659963079185349,-0.5444001042498774,-1.024588903789948,-0.9196707779141152,-0.3458840592573476,-0.7144804225684649,-0.7376464182880528,-0.2776708947604083,-0.4719967337733329,-0.7068906559378432,0.0145274763292461,0.4564357628044376,-0.3587068237839976,-0.2700213896462928,1
1.7189068707418638,2.0605988553528167,1.324372209382532,0.9453979138740154,1.5317009388203988,1.185585900216858,1.2249480643661936,-0.3682382251612022,-0.4225908952580171,0.1914150274779981,0.1857577716201533,2.004781687359656,0.4660259245696219,0.5989740309699743,0.2314017973816808,-0.2002683912720175,2.200189667732864,1.1883156277016895,0.9000899498891822,1
-0.5626183204802149,-0.5503036731565858,-0.2666116331139759,-0.5634585131618296,-0.4007065353463319,-0.6176473657159572,-0.79514243085236,-0.5156690471426052,-0.5123645195504225,-0.2882400512764691,-0.6940548500952777,-0.1407293957342688,-0.4026759630027935,0.5132316585660535,-0.4257680142817985,0.1942546308527515,-0.763867551314311,-0.6482146380432412,-0.394360225669473,0
2.015476312460568,2.8939654489840323,0.1242134663733957,0.3515477807504053,1.0261779056288816,-0.3547903462888614,-0.3009151532364681,-1.737643744719234,-1.0532228980034344,-0.1793569250903657,-0.7534403108043588,-0.958009294768354,-0.4910128778940789,-0.632157014301411,-0.3454472595229295,0.1723366851791532,0.0282022456871311,-0.8024697668763516,-0.3625294836475389,1
2.2749745739644323,2.175732654992643,0.0199934398434299,1.9585840818037263,1.9580456656084253,1.7257030634232189,-0.9379312955673772,-0.1981257382595823,0.0994261052570822,0.7073644816278338,0.0004146139930848,-0.6492591106888107,-1.021034367241792,-0.2584496930692295,0.0452036840770284,-0.1301309651165035,0.4726567293619115,0.1526824620214228,0.1281944558572791,1
0.7015089248457574,0.0939403154236306,0.8716664691429934,1.1588324226076598,1.6778762737191508,0.8596204543519667,-0.3535311262572494,-0.0875526217735305,0.675750606887341,0.0754153570967253,0.1097292518588457,1.3836489640937502,-0.4686786390347727,3.111387320465981,1.326684816820814,0.4002833201845743,0.7727446106751751,0.765231814199282,0.955793748427567,1
0.234000152136413,-0.8188288986488439,-1.619843540088999,-0.6888826744706005,-0.4998316843245479,-0.6633204310958635,-1.459373731642294,-1.043017756537623,-0.902491874500136,-1.1906178552240427,-0.767057359119817,-0.4930678410956303,-0.6763537257414554,-0.6693659683634896,-0.3308434859304073,-0.8665739397494042,-0.4284179629057544,-0.5940017847939234,-0.5432352586678942,0
2.031952392556052,-0.2301667443775091,-0.6248679743107328,1.3107475729416067,1.248486227454067,0.8937331172913158,0.1671855722587598,-0.1371687637865022,0.1504086573243745,0.2661387415272843,0.2163961303299341,-0.4591658600986605,-0.8716949790482225,-0.2762452797945713,0.5891942503984644,-0.5772570568579074,0.2650283574262475,0.0710837344502847,0.0821061939713535,1
1.7642160910044444,0.7526211440840757,-0.4082857316781476,0.802271243311454,1.4707945492792522,0.0617631711594126,-1.0148594768115542,-1.1365796243335138,-0.7423401620278814,-0.1352343510803111,-0.788239434277196,-0.9422690893054754,-0.2766708542144691,-0.3425742848617558,-0.8784849956499744,1.044670922988364,0.0849756286382891,-0.364854673121549,-0.1685608994513777,1
-0.1700757122053201,-0.8469807368052902,-0.890303354379239,-0.7939677825941653,-0.6811804591833122,-0.7694487157960606,-1.2886439709093445,-0.8658172493484376,-0.3843539812075482,-0.9493670070077757,-0.611974308860433,-0.1346754705562388,-0.9370309613829092,0.6830986227624997,0.2204489671872897,-0.9586293115785172,-0.8858492198265135,-0.5369944545729913,-0.6698950862968406,0
0.5902953842012436,-0.8325438967250613,-1.0645462112340256,-0.2798417159681223,0.1597845144060701,0.7478067258285448,-1.3205764235012671,0.4142792145862455,0.3133311606698514,0.1736236669900727,-0.0374105202165208,-0.1455725358766932,-0.8436938437619282,0.4080759188253972,0.6512602881666822,-0.3887627240649625,0.0265801490313837,-0.4112429908503468,-0.4106071669098353,0
-0.8987303544280784,-1.059924127988667,-0.4652810586867228,1.7476605672904784,0.4856336984512048,1.1685295687471835,0.0256667482718307,3.076539634596583,1.997972011589068,-0.4006814495601572,3.1792388929683573,-0.5293913921638117,0.4860267354884033,-0.4914101011100701,1.3741470809965095,-0.7920529244591705,2.821452686884108,2.8476760534462726,4.032102336755743,0
-0.2503966026708024,-0.8527554728373818,1.620747909827122,-0.9552991612545964,-0.8648132236498693,-1.0817690964852125,-0.1212951074069039,-0.732562467942169,-0.7390152129800143,-1.5080157263286316,-0.7984522205137897,-0.7412787733948707,-0.6996880051467005,-0.3344853818047821,-1.4261265053695404,-0.9454785441743584,-1.07336359323091,-0.751610285992971,-0.8085577562298911,0
-0.1523639261026756,-0.9563398004130244,-0.9831243155074898,-0.5814121218376597,-0.1401794540840771,-0.5469583475138613,-1.2249605001152264,-0.542603524235361,0.689050403078808,-0.9735632572713536,0.4059000527200591,-0.286023600006995,-0.6096843560121834,0.7866365818917622,-0.071626504663146,-0.2134191586761762,-0.5580234856999694,0.2437824112960496,-0.2474746140474228,0
-0.7689812236761461,-0.6993640469849494,1.163156855843991,1.005661775163515,2.098130361553063,2.104732651638209,-0.3444594067709079,2.367737605839837,3.1229131061173616,1.796195743488865,0.2421172215924659,-0.3828864028554795,0.1213452830692852,2.027474310831516,1.4033546281815528,3.771263364783988,0.2585399708032582,1.118453703411332,0.4637435280051681,1
-0.7747478517095653,-0.5376714380863854,-0.8381933411142561,-0.1230301269044036,0.2618027168874909,0.1280933490970359,-0.4192103753383628,0.8990998022558585,0.4546414952041934,1.9456431715874385,-0.0279542366641194,0.06510406031876,-0.1353317903884122,0.7154542349903942,0.7534867033143345,1.2550832014549074,-0.0253269439525322,-0.430804329651647,-0.3608716325005631,0
-0.87731145030395,-0.8697187599316508,-0.7893402036783352,-0.6696735686845725,-0.7166584310910301,-0.6358407859502765,-0.3372020311818346,-0.0478597081631524,-0.6137754655103621,-1.1735381491556351,-0.7012416255951028,-0.2109549277994199,-0.5816832207258888,0.487347168783738,0.6987225523423778,-1.0024652029257135,-0.7844681788423028,-0.3603835099669663,-0.4862051792119289,0
-0.5444946323751831,-1.031411368830215,0.4938688729718677,-0.1176314893305526,-0.0823183840199875,0.0560777273361878,0.3939785594173006,0.5376107675899188,0.528898690606554,-1.922198598487534,1.3477458945392438,0.5034082432081506,-0.6663533202820647,-1.1482290293363282,-2.222032166161977,-1.945375225803911,0.7905876738883967,1.1246015527488833,0.3699091530863415,0
-0.4666451539240235,-0.5210690719941221,-0.4147994833362709,-0.3751339466321434,-0.2522472108397868,0.4805908661369768,-0.62386836695023,0.4369608795064605,1.5435623083805952,0.5579170535292605,1.1684547583857123,-0.2618078992948741,-0.1086640424967036,-0.1322628053804414,-0.1190887688388416,0.4528863898012105,-0.2086238660519853,0.6467459906028346,0.5197788967729482,0
-0.254515622694673,-0.8007828485485577,-1.352779722105962,-0.4774569611132729,-0.3483270403409456,-0.3523266539654639,-1.2447368485954509,-0.9721375536619496,-0.5954882457470945,-0.905956087417238,-0.4470567237065518,-0.7182738577183558,-0.9233637405884084,-0.2665385961262031,-0.7105415993359732,-0.6912303743606186,-0.539856003155599,-0.2653712929320794,-0.119820075730291,0
0.0824202152579644,0.0379975601127434,0.982400247331082,-0.0615107685047061,0.3242317661671662,-0.7197958397398969,0.7441469315900875,-1.2244710758993504,-0.8637008022750222,-0.6789383275913105,-0.3494678774457688,-0.3804648327842674,0.423690874791534,-0.6855437744774369,-0.6740321653546687,-0.0512263606915487,0.6429768782153855,-0.4503656684529472,0.0661908229603867,1
-0.5432589263680218,-0.5001356538777901,-1.040119642516065,-0.2562383702964015,-0.3533518174780903,-0.4948417791343004,-0.7002522450252265,-0.1782792814543942,0.2379656489182022,-1.0874279643940763,0.3128502225644289,-0.1613127413395717,-0.8786952628697962,-0.3619876521984921,-0.6046642407901909,-1.3049328532213698,-0.15022838644508,0.2672560178576099,0.3828403920327523,0
-0.1482449060788044,-0.5452507791285056,-0.9293858643279764,-0.8581236849252785,-1.0542320951228357,-1.0618700431039254,-1.079631553944033,-1.1422500405635685,-0.9817364934742968,-1.8574380463114848,-0.6902723366743171,-0.4930678410956303,-1.104371079403382,-0.5803880347367801,-0.7470510333172776,-2.08345828354758,-0.7753844375701175,-0.6331244623965239,-0.3983390684222149,0
-0.7656860076570494,-0.2695071335961329,-1.0987434074391706,0.1494127460085422,-0.4855186827823785,0.1337787929202607,-0.2718856508801749,1.3782499736954197,1.1279436773972362,-0.9045327785782036,3.2284115674408445,-1.0112838363350205,1.1130521577922077,-1.2032335701237489,-0.0059095234967981,-0.971780078982676,1.406984403072398,2.3033119393758037,2.083132528371068,0
1.5211939095960625,0.7417935140239039,0.7755886321856813,1.2153297925665654,1.0337912043215247,0.5203889728995506,2.9376887033874928,-0.5610323769830361,-0.4392156404973511,0.3301876392838164,0.9248608940758508,0.864222183818754,1.3997304476280774,-0.5253834939493592,0.6476093447685511,-0.3186252979094485,3.668187141184237,0.8658329851773973,1.418997358892588,1
-1.0799672354783971,-0.7726310103921112,-1.6328710434052447,-0.873440749669693,-0.7254898575744962,-0.5480954362785064,-1.2140744367316163,0.4100264024137048,-0.372716659540014,0.2561755796540459,-0.5385935484937979,-0.1407293957342688,-0.4530113371483937,0.0586353067641365,-0.0424189574781026,0.0846649024847601,-0.7894966784751196,-0.661069232112667,-0.7757986175656506,0
-1.5116405339800651,0.4032496141425355,-0.4685379345157842,-1.1148728439607505,-1.7450628184932917,-0.5697001228067609,1.564230373155371,1.159938948838342,0.2606861340786263,0.5365674209437504,1.1124735597554956,-0.2291167033335108,2.9264590144284086,-0.7373127540420682,0.63300557117603,0.5975448312469589,-1.9134474512424744,-0.3251731001246258,-1.057500684459768,0
0.4296536032702797,0.8728078377519816,0.6078595269890176,1.259272191423492,1.4844984869260105,0.9828050705218386,0.2071011379986631,0.658107112478566,0.9949457154825612,1.3976692685593377,0.1653321991469661,-0.2448569087963897,0.0760101116533802,0.4630804596128171,0.4285527408807243,1.5663180300200024,0.7451689675274697,0.2124842692139693,0.5910664960929048,1
2.1596420132960485,0.7905178492946765,0.4987541867154594,2.4130740356953697,1.9428190682231388,1.9777577395861876,-0.5369612942710771,0.4624777525417033,0.9284467345252232,1.447485077925528,0.0881689253593705,-0.0111753969244215,-0.6086843154662442,1.5000778315168353,1.2792225526451182,0.7816555749051847,0.1758130413601422,0.6584827938836149,0.5068476578265374,1
-0.5725039685375053,-0.4369744785267885,0.0199934398434299,-0.5143685761530914,-0.7909642263312291,-0.1281306525362974,0.7895055290217955,-0.1683560530517997,-0.7279320494871252,0.465401978992049,-0.7553315675148392,-0.0474989479926028,0.3683552979162384,0.2398267352403455,0.4577602880657687,0.4748043354748087,-0.6947662337794731,-0.5124030572227851,-0.4464167516845113,0
-0.0914024297493865,-0.9195258582084408,-0.054914704224983,-0.7782740687166915,-0.5404866993432634,-0.9614272022269532,0.8493788776316505,-0.7311448638846559,-0.9894947079193196,-1.1322621928236485,-0.8892325426168437,-0.4058913185319943,-0.556682207077412,-0.6111258663532791,-0.622918957780843,-1.1295892878325835,-0.4284179629057544,-0.7124876083903705,-0.6821631847844609,0
-0.1593662601432562,-0.6914237849408235,0.2479747478777296,-0.0376563234109459,0.4673617815888611,0.196318674975734,0.2089154818959316,-0.2845995857679062,-0.3926663538272152,0.6788983048471524,-0.5034161736788644,-0.8950484729168394,-0.5330145808235205,-0.3797832389238339,-0.0205132970893193,0.4572699789359308,0.3039586771641845,-0.3302031586735315,0.038007353461799,0
-0.3673767713487355,-0.1489595189262213,-0.7518861316441288,-0.187060479524497,-0.4818642994099096,-0.2916819198510656,0.0873544407789534,-0.7509913206898441,-0.7434484783771708,-1.1329738472431652,0.1029207277011167,-0.2242735631910868,-0.5400148646450941,-1.476638493449457,-0.8675321654555822,-1.6231814244020166,0.3315343203118899,0.5193178406972218,0.4494860081411768,0
-0.892139922389885,-0.7928425865044317,-0.867505223575809,-0.774382027675078,-0.8990730677667644,-1.0738094751326976,-0.9593405535551434,-0.0932230380035843,0.423054479249458,-1.34860513635682,-0.097552483609794,-1.04518581733199,-0.9273639027721648,-0.502734565389833,-1.00991895798267,-0.8928754745577223,-1.2373575651269697,-0.6029441111030892,-0.4142544394331819,0
-0.6882484312082765,-0.2215046403293717,-0.1933319269600939,-0.7566795184212876,-0.9295262625373376,-0.7963598165593249,-0.1394385463795872,-0.3696558292187151,-0.1516075478568664,-0.3907182876869189,-0.2738176090265572,-0.698901297148659,-0.5260142970019468,-0.1969740298362304,0.1291753822340285,-0.3493104218524857,-1.0378396764700424,-0.3262908909132714,-0.3681661775472564,0
1.3358380085218728,-0.0078394071419834,0.3424241469205114,2.8889074404603763,1.2454409079770097,2.904485082771838,-0.8022183720517063,1.184038217816072,1.986888848096179,1.895827362221247,0.4932761127442486,-0.560871803089569,0.0393419583022806,0.5569117350737116,1.100326326136726,2.407967143886175,-0.2086238660519853,0.6540116307290317,0.9866297797613156,1
-0.652001054998213,-0.5521082781666143,-0.901702419780954,-0.7876902970431758,-0.6980819822809804,-0.983979462725745,-0.3118012166200781,-1.047270568710164,-0.6276294198764741,-0.5437239878830779,-0.7330147383311717,-1.1602103957145649,-0.2886713407657382,-0.7130460448711473,-0.7689566937060609,0.2205561656610689,-0.9674406816106064,-0.7510513905986481,-0.601260048812045,0
-0.3208318450789941,-0.6116602434975587,-0.1737906719857252,-0.6055176663534595,-0.7388892632735486,-0.4804386547821306,0.1490421332860766,-0.539768316120334,-0.6359417924961411,-1.6261503599684557,-0.0340062581376563,0.699555418976331,-1.137372417419372,0.4954360718407116,0.2277508539835508,-1.7130450016637695,-0.1859145128715221,0.6512171537574177,0.0870797474122809,0
-0.3620220453177029,-0.9361282243007036,-0.4327123003961087,-0.7010609964395201,-0.467855829815446,-0.3028632927034079,-0.5658093622376436,-0.1130694948087733,-0.3106509439798318,0.172912012570556,-0.6895158339901251,-0.2230627781554804,-1.3847157791149711,0.6410363268662369,-0.2797302783565817,-0.6649288395523005,-0.7280192152222942,-0.7057808636584961,-0.5226779044453952,0
-0.5634421244849889,-0.078940844537111,-1.4374584936615589,-0.8500885034200119,-1.0152520058165015,-1.1111438895718742,-0.5607291993252922,-0.8105306911054112,-1.3413851488185635,-0.6789383275913105,-0.8937715587219965,1.1088007610111767,0.2203492971172541,-0.9751265039170924,-0.8784849956499744,-1.2084938922575372,-0.2426878958226801,-0.9494033660438328,-0.6241383946403103,0
-0.8888447063707885,-0.0922949216113227,-0.0158321942762461,-0.4941550726789051,-0.5441410827157322,-0.5636356493953211,0.9546108236732136,0.4752361890593257,-0.367175077793569,0.2874883741127953,-0.4137706056020987,0.0299912942861842,0.826040521107691,-1.0511621926526449,-1.1888151844910613,0.1723366851791532,-0.0399258138542586,-0.2312786738783846,-0.3976759279634245,0
0.507914983723826,-0.6008326134373869,-0.9928949429946744,-0.4243494333519014,-0.0259799736944269,-0.3663507487294186,-1.0516906579261012,-0.5737908135006584,-0.766168963537594,-0.1003632845239771,-0.8222820550658414,-0.6710532413297199,-1.0277013042147194,-0.198591810447625,-0.2797302783565817,-0.5158868089718324,-0.4945995064602473,-0.7275777840370878,-0.4503955944372529,0
-0.3846766554489932,0.3397275177895281,0.2170344275016464,-0.3457553142535124,-0.8922210989433854,-0.4014109856393053,1.0543997380229713,-0.2349834437549335,-0.1349828026175323,-1.4838194760650536,1.4888336451410733,0.7443544652937548,-0.3433402239437413,-0.667748187752095,-0.8456265050667999,-1.6810448009803156,0.2617841641147528,1.0798899212030542,0.6583752526601196,0
1.0639826869463946,0.1751475408749182,-0.0435156388232679,0.3929791853869362,1.260667505362296,0.4938569017245011,-0.6233240637810495,-0.2987756263430405,0.0600808748573241,0.5152177883582394,-0.1735810033711018,-0.7751807543918403,0.0633429314048183,0.2576223219656873,0.6585621749629423,0.6939837922107915,0.4872555992636378,0.1252965876996026,-0.225590978907343,1
-0.5584993004563442,-0.2561530565219211,0.5215523175188895,-0.7117327218762024,-0.2936635557277665,-0.7406424670917214,1.0235558917694094,-0.9678847414894088,-0.8304513117963541,-0.6768033643327593,-0.577931688071788,0.6341730270536043,-0.3843418863272436,0.8966456634666031,0.5636376466115511,-0.3668447783913642,-0.1696935463140485,-0.1329130844775606,-0.3747975821351593,0
-0.8023452858695003,-0.7708264053820827,1.7331101259297408,-0.7654679981926729,-0.4206533779210573,-0.970523912344113,0.613514170986768,-0.519921859315145,-0.3599710215231905,-0.5536871497563152,-0.8079085040661911,-0.863568061991082,-0.5500152701044848,0.1168754087743465,-0.7689566937060609,0.5668597073039222,-0.960952294987617,-0.8680281966304236,-0.6718845076732114,0
-0.8670139002442727,-0.7524194342797907,0.1242134663733957,-0.7324484241944679,-0.6135743667926393,-0.4984425602223427,0.3087043962456894,0.0853950732431152,-0.2846055097715413,0.8069961003602156,-0.604031030676416,-0.4071021035676003,-0.6276850858390867,0.1573199240592146,-0.3564000897173207,0.1986382199874706,-0.6996325237467151,-0.901114803974337,-0.7073625222184922,0
-1.3271084369106498,-1.0342987368462608,0.3766213431256559,-0.645944673301832,-1.3546528615345417,-0.8302829647045665,-0.0632361026943174,0.6297550313282954,0.4496540716323935,-1.1863479287069414,0.2980984202226827,-0.1249891902713904,-0.5086802608723361,-0.8489396162283039,-1.9628151848947155,-1.0419175051381906,-1.0816362861752216,0.0705248390559618,0.1809141223311076,0
0.2290573281077678,-0.312456732834814,0.9563452406985904,-0.2537273760760059,0.2465761195022043,-0.0348893738354099,0.2161728574850049,-0.519921859315145,0.4745911894913946,-0.7977846156506512,0.0832516579121217,-0.1794745168736626,-0.8640280015293563,0.4242537249393444,0.483316891852681,-1.0813698073506672,0.0265801490313837,0.1454168218952257,0.0406599152969601,0
0.1952813639120263,0.2271201651637424,1.8291879628870524,-0.526546898122011,-0.7439140404106932,-1.1047003865722194,0.7441469315900875,-1.3974187709159964,-1.235540937461468,-0.9365572274564696,-0.7734876319354498,1.3279528524558724,-0.0699958080537256,0.5374983677369743,0.1474300992246807,-0.7701349787855722,-0.4394482201648366,-0.6264177176646495,-0.232222383495246,1
-0.6417035049385358,-0.4709010527153265,0.2496031857922606,-0.7940933323051851,-0.4868890765470544,-0.4385558852843744,-0.0251348808516824,0.0145148703674405,-0.5783093423331154,0.0974766441017521,-0.5760404313613076,0.2467218156596675,0.9513789361987224,0.2818890311366082,0.7571376467124645,0.4485028006664913,-0.4087905933712112,0.2823461935043274,-0.5170412105456776,0
-1.3332869669464562,0.0903311054035733,0.905863665348138,-0.8578725855032389,-1.1710200970679845,-0.810194396529172,3.013891147072763,0.4553897322541366,-0.0501966018969268,0.5721501419196012,0.3007461796173551,1.1983988536460242,2.566444417890339,-0.0465204329765206,0.7790433071012478,0.8868617141384569,-0.5064408120472031,-0.488370555266902,-0.6042441808766013,0
0.4502487033896341,3.482266682253361,0.3212544540316117,0.7959937577604645,1.504293063526883,0.9998614019915129,-0.0069914418789991,0.8282195993801859,1.15565158612946,1.1130075007525315,0.7641040736850261,-0.0438665928857848,0.3856893340458491,0.1654088271161883,0.9980999109890736,0.8474094119259795,1.5562172954011566,0.7495827431582417,0.4322443562126292,1
-0.4567595058667336,-0.6491960277061539,-1.4260594282598438,-0.8185755259540444,-0.4928274495273162,-0.8793672963784078,-1.0362687347993202,-0.0067491904952614,0.592626880690669,-0.6056379223810578,0.2341739434084489,-0.4131560287456308,-0.3033386021061779,-0.2034451522818086,-0.8346736748724087,-0.0424591824221104,-0.5782996938968116,-0.7180765623335992,-0.7566007012836715,0
-0.8657781942371114,-0.4283123744786513,0.5280660691770128,-1.0024430777425275,-1.0894055350828478,-0.8444965742626287,0.836678470350772,-0.1924553220295285,-0.7046574061520569,0.3871199928451772,-0.6562297158856718,0.7746240911839061,-0.0443281007079559,0.1217287506085301,-0.7178434861322343,-0.1827340347331384,-0.9143981209676671,-0.8962524140437282,-0.826329920525471,0
-0.731910043461308,-0.4286732954806569,0.2121491137580541,-0.4262326790171982,-0.730362368737788,-0.5139827733391573,0.4048646228009105,-0.0180900229553688,-0.0612797653898167,-0.7757233286456244,-0.1724462493448136,-0.2254843482266928,0.0790102332911973,0.2171778066808191,0.8009489674900301,-0.3273924761788874,-0.486164603850361,-0.2799025731844739,0.4169921256604526,0
0.2574785662724768,0.5089994677302124,-1.1948212443964827,0.705597965826215,-0.057955828203529,1.5020756063763752,0.5336830395069616,1.5965609985524971,0.450762387981682,0.4796350673823887,0.6237728257673887,0.7249819047240583,0.978380030939078,-0.1193205604892832,1.001750854387205,-0.0512263606915487,0.6494652648383753,1.5068860024657222,0.69252698628782,0
-0.6800103911605352,-0.5759290642989919,-0.9782390017638974,-0.2238465448532955,-0.0625238074191149,0.236116781738308,-0.8762436030602541,0.0570429920928465,-0.5361933210601351,0.8852780865070865,-0.6857333205691645,-0.2497000489388137,-0.3856752737218289,-0.1840317849450723,0.2715621747611153,0.4002833201845743,0.2017665878520999,-0.3033761797460342,-0.1851394109211351,0
-0.1033475878186123,-0.6524443167242054,-0.0288596975924915,0.0975607153573687,0.3973194336165421,0.196318674975734,-0.5839528012103268,-0.14000397190153,0.2462780215378692,-0.4120679202724299,0.0609348287284543,-0.5729796534456294,-1.0203676735444993,-0.2535963512350458,0.1328263256321585,-0.774518567920292,0.1531036881796788,0.1459757172895485,0.1590304871910278,0
-1.2373138003902648,1.0514637337448145,-0.4082857316781476,-1.0027067321356695,-1.0463142644824863,-0.3981892341394778,0.9618681992622868,1.0621242688699115,-0.2136732634170486,0.792763011969875,0.1626844397522936,1.2662028156399634,2.009755180650917,0.4776404851153698,2.6519772703421656,0.3257623048943411,-0.207001769396238,-0.3704436270647778,-0.8578622493409496,0
-1.1854141480894915,-0.7942862705124547,0.5313229450060742,-1.0838620653388622,-1.3523688719267482,-1.2360341388887133,0.2252445769713463,0.2257378749369515,-0.1848570383355353,-1.0810230746184226,-0.5234634948099556,-0.7376464182880528,-0.4390107695052467,-0.8926196927359616,-0.6630793351602776,-0.8665739397494042,-1.3413339607603758,-1.1055587392176407,-0.9887330188832142,0
-1.008296287063044,-0.2799738426542988,-0.668835798003062,-0.3195154246503761,-0.3274666019231029,-0.0576311491283092,-0.1630250170440752,0.9005174063133735,0.6934836684759644,0.1280777841409837,0.391526501720409,0.1292756672058806,0.1076780622747843,0.1929110975098982,0.4139489672882032,0.0145274763292461,0.1368827216222051,0.7372870444831388,0.6875534328468929,0
-0.9547490267527222,-0.3517971220534379,1.0361386985105951,-0.6611361883352268,-0.6053520042045846,-0.8890325508778899,0.7332608682064776,-0.4291951996342823,-0.4059661500186829,-0.5942514516687851,-0.4179313703651552,-0.2545431890812377,-0.1659997004638774,0.1039331638831883,0.7461848165180734,-0.0906786629040261,-0.2183564459864697,-0.2234541383578646,-0.065774128338882,0
-0.8855494903516918,-0.9516478273869502,-0.8772758510629937,-0.9429952895746568,-1.129299220232299,-1.250816292829098,-0.4531386062172806,-0.1867849057994748,-0.7268237331378359,-1.0568268243548449,-0.5363240404412214,-0.0547636582062393,-0.3860086205704753,-0.8376151519485407,-1.0975415995378002,-1.2873984966824914,-0.9095318310004252,-1.0739252598989666,-0.7458909828742083,0
-0.4526404858428624,-0.3961904053001418,-0.7681705107894355,-0.9388521491110038,-1.1950781209367372,-1.1204301144831414,-0.6046363216391857,-1.043017756537623,-1.3131230819116952,-1.238298701331683,-0.989090896930203,-0.1383078256630568,0.0986776973613325,-1.1902913252325908,-1.2873906562405837,-1.120822109563144,-1.0013425017157265,-0.767818252428334,-0.87901642997636,0
0.4172965431986666,-0.5492209101505685,0.3082269507153662,2.31640075821013,2.0235200343651583,2.2392881554545307,-0.6204211135454202,0.8764181373356437,1.748600832999053,0.2213045130977129,0.7523782820800484,-0.6722640263653259,-0.0253273303351134,-0.0562271166448887,0.8374584014713345,0.4178176767234535,1.710316477697157,2.048455639564577,1.57052495372617,1
-0.4324572877258952,-0.8246036346809354,-0.4506251174559464,-0.1429925309565503,-0.6228625911976642,0.5165986770174006,0.441151500746277,1.165609365068396,0.5344402723529991,0.6433155838713017,0.8359718286832771,0.1607560781316379,0.9863803553065904,-0.5577391061772538,-0.0022585800986671,0.5537089398997623,-0.02046065398529,0.4175988789304604,0.5542622006300435,0
1.7230258907657356,0.1007978144617391,-0.0988825279173122,1.563102492091386,1.5636767933295008,0.8444592708233671,-0.3916323480998845,-0.3214572912632564,-0.1770988238905125,1.2055225752897432,0.079469144491161,0.4804033275316356,0.6820346824924632,0.2123244648466355,-0.3198906557360162,1.4961806038644885,1.184757161235008,0.0934395502231993,0.7813878077657195,1
1.3070048683547766,1.4939528822038315,0.8553820899976861,0.8863895496947136,0.855640014913671,0.654944476715872,1.2957074763596583,-0.2094665707196908,-0.0446550201504818,0.3871199928451772,0.2723773289601506,0.3980699451104241,0.3443543248137001,0.1718799495617674,0.479665948454551,0.2906935918165841,1.0614778153982076,0.8608029266284914,0.7067845061518113,1
0.1203151994775766,-0.3694822511517182,-0.8365649031997258,-0.6947835108885307,-0.5313507409120913,-0.6367883599208142,-0.9952645627210562,-0.8176187113929789,-0.8686882258468229,-0.5067179580681926,-0.6153785709392977,-0.6093032045138111,-0.4283436703485632,-0.6078903051304901,-0.8711831088537133,-0.4632837393551963,-0.5701892106180748,-0.4934006138158078,-0.5730765793134576,0
-0.0349718554223553,-0.6654374727964114,0.8342123971087869,0.2988169021220933,1.0368365237985822,0.1697866038006847,-0.4781765519995833,0.3745863009758675,1.1944426583545733,0.6860148490423228,-0.3589241609981702,-1.0064406961925962,-0.5756829774502544,0.4501382147216598,-0.5206925426331908,1.268233968859066,-0.3615875806889624,-0.4229797941311271,-0.3330197332313708,1
-0.3830290474394446,-0.1395755728740725,-0.2112447440199316,-0.8892600132581865,-0.7729968414165909,-0.4834708914878506,-0.8120158290969554,0.0953183016457097,-0.3655126032696355,-0.3558472211305859,-0.5359457890991255,0.2043443394134557,-0.3770082556570235,0.6669208166485524,0.1802885898078541,-0.4808180958940753,-0.8587602056755325,-0.6627459182956357,-0.8232131603691567,0
-0.0901667237422252,-0.0576465054187733,-0.6672073600885317,-0.67118016521681,-0.6102245153678764,-0.8602263021735507,-0.3099868727228095,-0.5411859201778481,-0.6431458487665197,-0.8383489175631211,-0.3649761824717071,-0.0596067983486637,0.3116863336463571,-0.2843341828515449,-0.3564000897173207,-0.5641062894537487,-0.4460988164534007,-0.7001919097152676,-0.5243357555923708,0
-0.1354759440048046,-0.2283621393674805,0.3798782189547178,-0.9463851317721912,-0.8482162324999069,-0.7777873667367905,0.836678470350772,-0.8601468331183829,-0.8221389391766862,-0.677515018752276,-0.5556148588881205,-0.0487097330282088,-0.4016759224568543,-0.6273036724672264,-0.9369000900200612,-0.9016426528271618,-0.7716536152618986,-0.8119709885798403,-0.8647920671353081,0
-0.0979928617875798,-0.6892582589287891,-1.0368627666870036,-0.8528505970624473,-0.4940455773181391,-0.9197339475233042,-1.0195767709444516,-0.983478386122057,-0.9335247322802264,-1.1884828919654926,-0.6395866568334454,-1.069401518044111,-0.7346894242545684,-1.2372069629630378,-0.8127680144836255,-1.2698641401436122,-0.1680714496583009,-0.9076538800879148,-0.7520250321180185,0
-0.8336498380509185,-0.5333403860623166,0.1942362966982163,0.0724507731534105,0.6226730749187849,0.1318836449791857,0.2887466133757376,0.510676290497163,0.6303096365664936,-0.5131228478438463,0.4467511976664335,-0.651680680760023,0.5080276274990632,-0.5836235959595693,-1.1778623542966702,0.2950771809513033,0.9544194361188814,1.1681953935060665,1.0744958905510296,0
0.8415556056573675,0.3783460650041405,1.5930644652800996,0.3967456767175299,0.9028424668080596,0.1243030532148859,0.8384928142480406,-1.237229512416972,-0.2496935447689396,-0.9287290288417824,-0.0211457125063903,-0.5572394479827509,0.3560214645163229,-0.6483348204153583,-1.2581831090555402,0.4923386920136878,0.9122449230694496,0.9837599133795216,0.5811193892110503,1
-0.1482449060788044,-0.1763895150786562,-1.3316100292170627,-0.9824178988348712,-1.2407579130925972,-0.7042556266230823,-1.3309181837156965,-0.6120661230535227,-0.8781089148157792,-0.5828649809565133,-0.4655910394692586,-1.001597556050172,-0.2030012006636234,-1.6853321923193765,-1.4845415997396272,-1.1032877530242655,-0.9958273730861856,-0.7778783695261455,-0.8008321698849843,0
-1.035893721222979,-0.8061966635786436,-0.3854876008747181,-0.8646522698983075,-1.4067278245922217,-1.1318010021295912,2.404271597590605,-0.7254744476546012,-0.9191166197394702,-1.0632317141304972,0.2636775480919414,-0.4083128886032063,1.22639008633197,-0.3263964787478085,2.045920666252511,-1.5092081068993055,-0.1112980667071429,-0.6800716755196444,-0.3966812172752391,0
1.051625626874782,-0.3846409332359587,-0.59555609184918,0.2536190061549685,0.5922198801482116,0.3574062499671049,-1.1362390835388052,-0.7084631989644401,-0.0939750976938406,-0.4903499064193017,-0.5140072112575541,-0.9192641736289604,-0.974699155279948,-0.0950538513183623,-0.3344944293285384,-0.2660222282928123,-0.3314165828920615,-0.5520846302197087,-0.0710792520092044,1
-0.5914514606473111,-0.5156552569640364,0.7625611288694353,-0.4317568663020691,0.0851741872181656,-0.2304686413543447,-0.0233205369544142,0.8083731425749968,-0.0795669851530843,0.4725185231872183,-0.0457320497426341,0.0481530698202751,0.4263576495807047,-0.4881745398872802,0.0305999104845062,-0.0556099498262691,0.7873434805769021,-0.2921982718595768,-0.2836157690514939,0
1.04338758682704,-0.0558419004087447,2.094623342955559,1.0169612491552964,1.2545768664081816,0.5128083811352506,-0.2537422119074916,-0.5156690471426052,0.3770593507539664,0.2568872340735637,-0.468617050206027,-0.9894897056941112,-0.7756910866380706,0.1152576281629519,-0.3600510331154507,0.3389130722984999,-0.1129201633628902,-0.2977872258028054,0.168314453614092,1
0.1610934977138981,-0.6668811568044343,-0.4783085620029688,-0.604011069821222,-0.4800371077236753,-0.2926294938216029,-1.079087250774853,-0.5581971688680092,-0.6148837818596514,-0.3252460810913543,-0.6898940853322211,0.2418786755172435,-0.7483566450490693,1.1312238521188382,0.2971187785480286,-0.4282150262774393,-0.7946873877735112,-0.7694949386113027,-0.4746002211830988,0
0.0939534713248029,-0.5474163051405398,0.4417588597068848,-0.0079010418992555,-0.2842230653488888,-0.4992006193987727,0.2488310476358348,-0.7566617369198988,-0.5162436267729339,-0.8881647269293125,-0.5552366075460243,-0.7993964551039614,-0.9646987498205573,-0.6952504581458054,-1.2362774486667578,-1.0287667377340317,-0.4782163302371987,-0.2793436777901508,0.0628751206664351,0
1.9001437517921824,0.9352471710989716,1.0410240122541874,0.8587686132703599,1.7266013853520683,0.2493828173258325,0.2615314549167128,-0.877158081808545,-0.5373016374094244,0.0341394007647377,-0.6013832712817435,-1.2413329931001702,-0.5246809096073615,-1.0236599222589342,-0.9405510334181912,0.1942546308527515,0.4645462460831744,-0.2642535021434335,-0.0014495038362233,1
-0.623579816833504,-0.5383932800903968,0.4075616635017396,-0.0129230303400471,-0.4127355472807084,0.0390213958665131,0.6116998270894999,0.4709833768867849,0.8630560699171747,-2.1513513215720126,1.9404657476037668,0.3629571790778484,-0.0623288305348594,-0.9638020396373294,-1.6889944300349329,-1.6569350607393578,0.605668655133196,1.964621330416148,1.1517517540000988,0
1.4717656693096115,0.2245937181497022,0.8602674037412783,0.9629748734167864,0.4871563581897337,-0.1067154808021503,0.2869322694784695,-1.2599111773371878,-1.2765486423851595,0.486751611577559,-0.7519273054359746,-0.5003325513092663,1.6197393677346756,-0.983215406974066,-0.542598203021973,0.8956288924078952,0.5180754357228378,-0.3458522297145717,0.5695144311822203,1
-0.6260512288478266,-0.7722700893901056,1.987146440596533,-0.605768765775499,-0.6615381485562923,-0.7550455914438909,0.8856657555770171,-0.2491594843300689,-0.1111540011078197,-0.8532936603729785,0.1918097930936904,-0.374410907606237,0.0976776568153936,-0.7340771928192786,-0.7178434861322343,-0.5071196307023929,-0.4266336565844322,0.0230187305385184,-0.0823526398086394,0
0.0778892932317065,-0.3579327790875352,-1.4244309903453134,-0.2492075864792934,-0.117339558006147,-0.2259202862957648,-0.8991043361658348,-0.225060215352339,-0.3239507401712995,0.9635600726539584,-0.0877179487152965,0.1849717788437588,-0.3026719084088852,-0.4768500756075174,-0.5900604671976687,0.102199259023638,-0.0707456503134585,-0.7247833070654736,-0.5220147639866047,0
-0.4674689579287975,-0.8516727098313647,-0.574386398960281,-0.7424924010760512,-0.2450907100687021,-0.948350681433536,-0.9968974722285976,-0.6432534123188192,-0.5899466640006495,-0.7493921151234942,-0.8158517822502084,-0.5402884574842661,-1.0510355836199643,0.5973562503585798,-0.0460699008762327,-0.432598615412159,-0.7961472747636839,-0.9467206681510828,-0.6410484763394626,0
-0.2318610125633833,-0.2323322703895434,2.5945537827164884,-0.7609482085959604,-0.5630220634734876,-0.5700791523949758,1.28300706907878,-0.3739086413912559,-0.3987620937483044,-0.2782768894032308,-0.3063472244468183,-0.5935629990509323,-0.4000091882136226,-1.140140126279355,-1.5940699016835405,-0.6649288395523005,-0.4327976238762722,-0.7275777840370878,-0.7943665504117788,0
-0.704312609301373,-0.3308637039371059,2.1385911666478887,-0.2159369130590488,-0.704324887208948,-0.3525161687595716,2.19380770550748,-0.161268032764232,-0.6509040632115424,-0.1985715944173255,-0.63050862462314,0.509462168386181,0.9400451433447464,-0.0271070656397842,-0.0460699008762327,0.3608310179720982,-0.4186853829712703,-0.0725523818906913,0.3599620462044872,0
-0.3241270610980913,-0.7101916770451211,1.392766601792821,-0.7668490450138905,-0.8307056455068272,-0.9909915101077224,0.2415736720467615,-0.986313594237084,-0.8903003946579577,-0.6013679958639554,-0.7439840272519573,-0.8563033517774458,-0.424343508164807,-0.7389305346534627,-0.7032397125397131,-0.1520489107901018,-0.867032898619844,-0.9722621876716376,-0.5568296380730952,0
-0.3855004594537672,-0.5163770989680477,1.0100836918781038,-0.9634598924708828,-0.843495987310468,-1.0160074629299116,0.0274810921690988,-1.177690142001406,-1.165717007456264,-0.9016861609001356,-0.8627549486701196,-1.0161269764774448,-0.3290063094519477,-0.9621842590259349,-0.5279944294294519,-0.4632837393551963,-0.885687010160939,-0.9224087184980384,-0.8691356371403847,0
-1.247611350449942,-0.8195507406528553,1.830816400801584,-0.9214007392792528,-1.004136589725242,-1.100720575895962,0.8530075654261872,-0.4646353010721186,-0.6558914867833431,-1.1756731124141864,-0.5775534367296918,-0.5814551486948719,-0.1509990922747912,-0.937917549855014,-0.695937825743452,-0.9367113659049188,-0.923319652574278,-0.7141642945733392,-0.5767238518368042,0
0.7921273653709169,1.8909659844101272,1.4351059875706205,0.1494127460085422,0.6226730749187849,0.1261982011559609,-0.1176664196123672,0.0017564338498201,0.3687469781342993,0.1864334465413789,0.2353086974347369,-0.0111753969244215,0.5663633260121762,0.176733291395951,-0.067975561265016,1.2112473101077108,0.4515694728371954,-0.1837725653609411,-0.1552980902755718,1
3.9102255234411714,7.730306875860725,0.9270333582370376,3.448859151608643,2.2519189951444583,1.7901380934197677,0.1617425405669551,-0.9310270359940576,-0.5361933210601351,0.8568119097264061,0.2886421366702813,-0.4325285893153276,0.2030152609876433,-0.420227754208702,0.9104772694339436,0.1460351503708345,2.300759660389201,1.5795424037276948,1.613297513318144,1
0.0115730708473854,-0.626818925581799,1.026368071023411,-0.6784620484559579,-0.8980072059497943,-0.9875802438137874,-0.5545604300745799,-1.2003718069216207,-1.0698476432427686,-1.879499333316513,-0.7197759413578096,-0.7751807543918403,-0.5616824098071075,-0.8990908151815408,-0.381956693504234,-1.3443851554338466,-0.8801718815313978,-0.4855760782952878,-0.4039757623219324,0
-0.745090907537695,-0.8069185055826549,-0.2698685089430373,-0.6921469669571151,-0.4830824272007327,-0.8678068939378506,-0.8187289015168483,-0.5964724784208734,-0.294580356915142,-0.8027661965872703,-0.3884277656816627,0.0844766208884564,-0.1106641235885818,0.5002894136748962,-1.079286882547148,0.0802813133500409,-0.6973615884286688,-0.4732803796201847,-0.3678346073178613,0
-0.3167128250551235,-0.7322078581674702,-0.2910382018319364,-0.5048267981155873,-0.153883391730835,-0.8414643375569087,-0.9649650196366752,-1.0359297362500566,-0.8143807247316635,-1.544310101723999,-0.8029912366189423,-1.1638427508213829,-0.3573407915868883,-1.07704668243496,-1.305645373231236,-0.1827340347331384,-0.5406670514834726,-0.5895306216393404,-0.5389248456857573,0
-0.2100302064368676,-0.4481630295889658,-0.0288596975924915,0.153179237339136,0.3211864466901087,0.3403499184974304,-0.7318218288376953,0.215814646534357,2.269509517164863,-0.962176786559082,1.6408906846636884,-0.6395728304039625,-0.7040215141791032,-0.0902005094841787,-0.7689566937060609,-0.5378047546454306,0.3055807738199319,2.296605194643929,1.4899533879831492,0
-0.2466894846493184,-0.3247280469030086,-0.0353734492506142,0.247341520603979,0.0531983327090636,0.0864000943933869,-0.7773618606591304,-0.3682382251612022,-0.1222371646007096,-0.6839199085279296,-0.213675645633284,-0.5971953541577505,0.0846771297181856,-0.546414641897491,-0.9113434862331478,0.1197336155625171,0.1206617550647315,0.3527670131890081,0.4726959241988371,0
-1.2731492745979414,-0.2294449023734975,-0.1721622340711942,-0.92918482136248,-1.3643978838611248,-0.9487297110217509,0.172628603950565,0.1874625653840863,-0.2879304588194085,-0.942962117232122,-0.3086167324993946,0.7734133061483001,1.3130602669800238,0.2527689801315037,-0.4805321652537552,0.2819264135471446,-1.275314626871458,-0.7214299346995364,-0.7156517779533709,0
1.1134109272328452,1.8902441424061156,0.5199238796043592,1.5668689834219798,1.294166019609927,1.8204604604769663,0.4502232202326189,1.544109648424499,2.130969973503743,-0.2469640949444825,2.8388126850819044,-0.4615874301698729,-0.091663353215739,-0.9702731620829084,-0.4221170708836685,-0.5115032198371127,1.8352179201897043,2.5022786997547435,1.1278786974836483,1
-0.6421154069409231,0.0177859840004229,-0.0451440767377989,0.1657342084411149,0.4110233712633003,0.8330883831769171,0.9491677919814084,1.3825027858679606,0.4851201948096402,1.5044174314868888,0.5379097711115836,-0.2993422353986619,2.5164423905933853,-0.3894899225922021,0.5307791560283777,2.000293354357248,1.072832491988439,0.3678571888357254,0.5874192235695582,0
-1.2554374884952966,-0.0995133416514372,-0.0093184426181228,-0.7447522958744074,-0.7461980300184862,-0.7914324319125301,0.2415736720467615,0.1888801694416012,0.0717181965248582,-0.4910615608388185,0.0446700210183236,-0.1140921249509359,0.1533465805393357,0.4420493116646862,1.5566942509030317,-0.3931463131996823,-0.3103293263673457,-0.3123185060551998,-0.1576190818813378,0
-0.62275601282873,0.7251911479316405,1.246207189485057,-0.8176966779769058,-0.9004434615314402,-0.8403272487922638,2.587520331214706,-0.8247067316805455,-0.9728699626799846,-0.6291225182251191,0.033322480755442,-0.0087538268532095,0.1586801301176776,-0.8036417591092517,0.1547319860209418,-1.239179016200575,0.0054928925066679,-0.5548791071913229,-0.5717502983958769,0
0.1845719118499624,-0.5795382743190493,-1.2143624993708515,-0.4194529946221296,0.0014279015990889,-0.3572540386122589,-1.421453944189386,-0.8658172493484376,-0.0673755053109059,-1.094544508589247,-0.5355675377570294,-1.09724957386305,-1.256710589234769,-0.3441920654731503,-0.4549755614668429,-1.1339728769673034,-0.5510484700802558,-0.4347165974119071,-0.2915734545569774,0
-0.5992775986926657,0.1455520187104489,2.0148298851435538,-1.1148728439607505,-1.7450628184932917,-1.3334447430599656,4.409121604072105,-0.4532944686120112,-0.9152375125169588,-1.3784946219765348,-0.2492312717903134,1.3158450020998116,0.0993443910586253,-0.7955528560522781,-0.4038623538930163,-1.6722776227108769,-1.9134474512424744,-0.9632639718230396,-1.057500684459768,0
-0.8880209023660145,-0.9274661202525666,-1.0303490150288803,-0.4726860720945208,-0.5321120707813558,0.0484971355718878,-1.231673572535119,0.7899442898273207,1.3329822020156932,0.3088380066983053,0.3317627896692318,-1.0197593315842628,-0.8556943303131974,-0.5172945908923856,0.1802885898078541,0.0364454220028443,-0.8281025788819072,0.3047020092772418,-0.1433615620173465,0
-0.3739672033869287,-0.9213304632184692,-1.0303490150288803,-0.3822902801602715,-0.255444796290697,-0.4103181809623575,-1.323297939347169,-0.519921859315145,-0.3283840055684552,-0.4241660454042195,-0.5696101585456746,-0.5487639527335085,-0.7226889377032996,0.1702621689503719,-0.3892585803004941,0.0101438871945257,-0.5573746470376707,-0.4201853171595127,0.0426493366733311,0
0.0181635028855786,-0.2070678002491427,0.2577453753649143,-0.4792146570675499,0.2937785713965928,0.1224079052738109,-0.3607885018463227,-0.3838318697938505,-0.2973511477883648,-0.5017363771315736,-0.3975057978919682,-0.5378668874130541,-0.9780326237664114,-0.5933302796279374,-1.1157963165284523,-0.748217033111974,0.2763830340164792,0.4136866111702003,-0.1221410673360571,0
-0.1235307859355794,-0.9011188871061488,-0.6313817259688556,-0.8356502866527359,-0.7976639291807552,-0.9693868235794678,-1.162365635659469,-1.0543585889977316,-0.3860164557314809,-1.9983456213758548,-0.6429909189123099,-0.8938376878812334,-1.2443767558348535,-0.3587520909757021,0.0050433066975929,-1.688935261422811,-1.1296503471853436,-0.6890140018288102,-0.7291135292668138,0
-0.7405599855114371,-0.7282377271454072,-0.6150973468235488,-0.4484549778677012,-0.6135743667926393,-0.4180882875207647,-0.0922656050506107,0.4171144227012734,0.4352459590916372,0.5863832303099409,-0.0684271302683976,-0.2557539741168441,-0.6946878024170053,0.0651064292097147,-0.1190887688388416,0.1241172046972362,-0.609606159352736,-0.242456581764842,0.3205051889064645,0
0.7344610850367244,-0.3265326519130372,-0.4278269866525163,1.6924186944417705,0.9576582173950914,1.610099039017647,-0.4193918097280896,0.4227848389313272,0.4108629994072796,0.4440523464065379,0.9683597984168976,0.8702761089967845,0.7187028358435632,0.675009719705526,1.2390621752656836,0.2337069330652277,1.6794966412379568,1.6331963615826894,1.6212551988236277,1
-0.5634421244849889,-0.6704903668244915,0.3570800881512878,-0.7487698866270407,-0.8786694272704803,-0.4919990572226878,-0.0487213515161708,0.0060092460223589,-0.3688375523175026,-0.3907182876869189,-0.7326364869890756,-0.7267493529675981,-0.710021757454738,-0.8004061978864622,-1.2691359392499313,-0.5071196307023929,-1.0762833672112553,-0.4928417184214849,-0.594297073994747,0
-0.1334164339928693,-0.2655370025740699,0.1209565905443343,-0.7388514594564771,-0.5040951315924282,-0.9680602200207152,-0.5269824028361014,-0.9721375536619496,-0.4386614823227068,-1.1706915314775672,-0.5968442551765909,-1.2013770869251703,-1.112371403770895,-0.8812952284561985,-0.8492774484649299,-1.1383564661020231,-0.8955817997609978,-0.8192366287060375,-0.5501982334851923,0
-0.1914946163294491,-0.8892084940399599,-1.1980781202255442,-0.3884422160002412,0.2876879324424784,0.2114798585043338,-1.1676272329615471,0.50925868643965,0.5161530525897305,0.7642968351891946,-0.3812409901818377,-0.4313178042797216,-0.8636946546807099,0.5277916840686061,-0.1190887688388416,0.3038443592207429,-0.4874622811749587,-0.6124453328065779,-0.6151859984466412,0
-0.1733709282244168,-0.5849520893491351,-0.349661966755042,-0.5438727582427422,-0.3629445738308208,-0.4694467967238959,-0.4910583936701885,-0.2718411492502848,-0.7949851886191073,0.2234394763562641,-0.8589724352491591,-0.931372023985021,-1.2653776072995742,-0.6192147694102528,-0.2906831085509728,-0.5465719329148696,-0.4157656089909249,-0.96644967557068,-0.4944944349468076,0
0.4461296833657629,-0.8740498119557195,-1.8689945410121984,0.3804242142849571,0.4658391218503322,0.4843811620191263,-1.5054580666329094,-0.0294308554154763,-0.1183580573781982,0.5650335977244308,-0.5820924528348445,-1.0645583779016867,-0.3356732464248749,-0.5561213255658592,-0.1008340518481894,0.9526155511592506,-0.1826703195600272,-0.4067718276957639,0.0486176008024437,0
-0.3756148113964773,-0.0471797963606073,-0.7567714453877205,0.8236146941848186,0.2983465506121792,0.8861525255270163,-0.017877505262609,1.4817350698939038,1.0780694416792331,-0.0868418505531541,2.2059981897551992,1.4260264403399625,0.0643429719507575,0.5342628065141852,0.9871470807946824,-0.6517780721481419,2.500277549046128,2.75154604562274,2.6361916710021736,0
0.0923058633152543,-0.6668811568044343,-0.0386303250796756,-0.463018744345997,-0.5531247751730513,-0.7080459225052322,-0.3825606286135427,-1.3109449234076735,-0.9966987641896972,-0.7081161587915076,-0.9743390945884568,-0.9689063600888084,-1.1687070211921298,-0.7211349479281209,-1.469937826147106,-0.7964365135938902,-0.9168312659512884,-0.6454201610716269,-0.4606742715485026,0
1.4882417494050948,0.5801009051253397,0.7674464426130276,1.7175286366457283,1.3916162428757612,0.7667582052392944,0.346805618088324,-0.2335658396974196,0.3404849112274311,0.8923946307022569,-0.2208624211331091,-0.4083128886032063,-0.5843499955150598,0.5908851279130006,0.0415527406788974,0.8342586445218207,-0.0058617840835637,0.1593892067532973,0.3536622118459793,1
-0.6787746851533739,-0.1222513647777977,-0.6655789221740007,-0.5776456305070659,-0.2505722851274052,-0.2219404756195074,-0.1140377318178306,0.1718689207514381,-0.2053608907973808,1.1699398543138924,-0.2201059184489169,0.1183786018854262,0.6523668129629376,-0.1565295145513623,0.1510810426228108,0.8868617141384569,-0.02046065398529,-0.7018685958982361,-0.44376418984935,0
0.6232475443922105,-0.5697934072648948,0.1437547213477638,-0.656741948449534,-0.4147150049407955,-0.6295867977447293,-1.1774246900067962,-1.3534730451330783,-0.4275783188298169,-1.522248814718972,-0.7924001990402529,-0.1128813399153299,-1.4580520858171706,2.8735735705909566,0.1255244388358974,-1.3794538685116036,-1.054222852693091,-0.615798705172515,-0.5856762480304731,1
-0.5679730465112468,-0.654248921734234,1.0279965089379417,-0.8996806392728292,-0.7804578741353811,-0.9919390840782598,-0.1412528902768553,-0.4306128036917953,-0.106166577536019,-1.0276489931546466,-0.5280025109151082,-0.5402884574842661,-0.6483525904551611,0.3223335464214763,-0.9770604673994956,-0.2967073522358502,-1.175231263211845,-0.7504924952043253,-0.7454930985989341,0
0.9321740461825264,0.282341078470618,-1.1817937410802366,-0.5568043784777806,-0.4750123305865307,-0.7992025384709373,-0.3099868727228095,-1.469716577849185,-1.398463440806945,-1.2795746576636695,-0.9402964737998116,-0.910788678379718,-0.8906957494210652,-1.808283518785376,-2.15996612839376,-1.4793997007832118,-0.7070941683631531,-0.9615313961006388,-0.6752002099671629,0
1.08869680708962,1.2618806779141514,0.0623328256212281,0.3540587749708012,0.522177532175893,0.4654296826083768,0.1290843504161252,-0.2874347938829331,-0.4264700024805284,0.2661387415272843,0.0760648824122966,1.020413453411935,0.3186866174679307,0.5666184187420797,1.1112791563311182,-0.0643771280957086,0.7597678374291966,0.0850561193083563,0.1815772627898979,1
-0.5411994163560865,-0.2799738426542988,-1.517251951473564,-1.0248160362462546,-1.3369900085676087,-1.2112077008606317,0.4883244420752536,-0.3781614535637957,-0.7573024327432827,-1.6112056171585991,0.3881222396415443,0.9865114724149654,1.116385626278671,-1.0042465549221975,-0.7251453729284953,-1.664825521181853,-0.6328021415299235,-0.8633893648575438,-0.8447652252798413,0
-0.3257746691076393,-0.2940497617325221,0.4531579251085998,-0.8888833641251271,-1.106307058180516,-0.9777254745201978,0.4647379714107655,-0.5553619607529824,-0.5350850047108465,-1.6375368306807283,-0.4137706056020987,0.0384667895354266,0.2536839819818902,-0.3458098460845448,-0.3600510331154507,-0.9016426528271618,-1.010912871984636,-0.2771080962128595,-0.6128650068408752,0
0.1709791457711885,-0.6239315575657532,0.4564148009376612,-0.2581216159616986,-0.1965178644096376,-0.395915056610188,0.7604760266655023,-0.7538265288048709,-0.9950362896657644,-0.0348910779284125,-0.7500360487254943,-0.1153029099865419,-0.5420149457369722,-0.8602640805080671,-1.1851642410929313,-0.4720509176246358,0.0054928925066679,-0.6577158597467299,-0.3436299805720155,0
-0.3822052434346706,-0.6235706365637476,-0.574386398960281,-0.1083408107150881,0.3973194336165421,0.5507113399567496,-1.0589480335151744,0.8140435588050505,1.072527859932788,0.7998795561650454,-0.0877179487152965,-0.3574599171077521,-0.445677706478174,0.5326450259027907,-0.622918957780843,0.9175468380814936,-0.2394437025111855,-0.0256051687675706,-0.1834815597741593,0
-0.474471291969378,-0.9094200701522804,-0.2177584956780544,-0.6617639368903258,-0.1417021138226055,-0.5314181343970468,-0.7907880054989159,-0.3313805196658509,-0.4065203081933272,-0.5038713403901247,-0.852542162433526,-0.6274649800479019,-1.0817034936954295,0.2171778066808191,-1.0427774485658434,-0.209035569541457,-0.7624076643241385,-0.6577158597467299,-0.6112071556938995,0
1.2081483877818753,1.3972260536662977,-0.4555104311995387,0.7570733473443295,0.787120326679881,0.5184938249584758,-0.3118012166200781,0.5914797217754322,0.5820978753724242,0.3444207276741561,0.5522833221112337,-0.5293913921638117,0.3110196399490643,-0.632157014301411,0.0744112312620718,0.3871325527804156,0.6381105882481436,0.3723283519903085,0.4130132829077107,1
1.8877866917205708,0.6685265506167422,0.8276986454506642,1.6321548331522708,1.4723172090177807,1.1382072016899842,-0.0015484101871943,-0.0818822055434768,0.3349433294809861,0.8639284539215765,-0.0256847286115431,-1.1347839099668378,-0.1249980380803751,-0.6806904326432528,0.1328263256321585,0.615079187785838,0.4856335026078902,0.135915600191737,0.2893375873433209,1
0.2784855683942184,-0.1197249177637577,-0.8544777202595636,-0.1455035251769462,-0.1949952046711089,0.6075657781889982,-0.6795687245963675,0.8353076196677526,0.0855721508909702,0.1757586302486239,-0.2110278862386116,-1.2098525821744128,-0.9726990741880698,-1.170877957895854,-0.5243434860313209,-0.8271216375369275,-0.2848624088721118,-0.4073307230900867,-0.3956865065870537,0
0.014868286866482,0.2523846353041431,1.1826981108183592,0.5888367345778096,0.5709026438088105,1.2083276755097576,0.5645268857605233,1.3569859128327175,1.903765121899507,1.4119023569496771,1.2104406573583748,0.4598199819263328,0.879709363739755,1.2137306632999691,1.6917791566338585,2.0616636022433235,0.7078607444452806,0.7311391951455869,0.0950374329177643,1
-0.4415191317784111,-0.5322576230562995,-0.6965192425500845,-0.370614157035431,-0.46435371241683,0.0788195026290871,-0.2210840217566617,0.4709833768867849,-0.4746817636745979,1.3834361801689967,-0.4973641522053275,0.9041780899937538,0.8870429944099752,0.4113114800481862,0.479665948454551,1.1235755274133177,-0.0301932339197742,-0.5481723624594486,-0.2037073437672634,0
2.4768065551341056,3.1971390906688395,-0.2942950776609978,0.9893403127309424,1.7022388295356092,0.4388976114333278,-0.855741517021122,-1.128073999988433,-0.619317047256807,-0.2092464107100805,-0.3396333425512713,0.1777070686301224,-0.4293437108945022,0.0117196690336893,-1.1194472599265834,-0.5465719329148696,1.5837929385488618,0.4516914979841551,0.2608225476153379,1
-1.2554374884952966,0.0087629589502798,-1.5139950756445029,0.1067258442618133,-0.1843365865014084,2.26582022662958,-0.2247127095511984,4.567859103100775,2.286134262404198,4.770911217069983,2.517299044300255,0.5905847657717865,0.9140440891503304,0.2220311485150037,2.067826326641294,2.535091228793046,1.635700031532778,1.114541435651072,0.0973584245235304,0
-1.1471072618674922,-0.4719838157213438,-1.2436743818324043,0.3766577229543635,-0.108203599574975,2.1994900486919566,0.3141474279374942,4.67134419929926,2.906791418006014,2.0737409671005005,2.906897926659195,0.699555418976331,4.909872763874254,-0.0853471676499942,0.8958734958414213,2.9909844988038894,0.4385926995912166,1.307919242086783,0.6630172358716517,0
-0.5148376882033128,-0.8087231105926835,-0.2454419402250762,-0.0885039563739611,-0.5135356219713061,0.2057944146811087,-0.7637542814296178,0.8707477211055898,0.2462780215378692,0.9422104400684482,0.0068448868087178,-0.8889945477388091,-0.2563366964470412,-0.3102186726338612,1.1404867035161614,0.3432966614332191,-0.3085450200460235,-0.1955093686417214,0.2575068453213866,0
-0.8534211341654989,-0.8202725826568668,-0.8039961449091116,-0.6047643680873407,-0.2964043432571181,0.0522874314540378,-0.3390163750791028,2.404595311335187,1.8206413957028351,1.6396317711951225,1.7089759262409787,0.2007119843066377,1.859749098760055,-0.195356249224835,0.5198263258339855,1.4830298364603285,0.1709467513929,-0.1116750594932917,-0.4606742715485026,0
0.5243910638193098,-0.7163273340792184,-1.2892706434392638,-0.4210851408653869,0.3211864466901087,-0.7053927153877273,-1.353960351211004,-0.8828284980385988,-0.6453624814650974,-0.1487557850511341,-0.4636997827587783,-0.8599357068842638,0.1176784677341753,-0.971890942694303,-0.3673529199117118,0.1328843829666758,0.4077728631320164,-0.751610285992971,-0.2385222178537538,0
0.4873198836044717,-0.260123187543984,1.7347385638442712,1.4337862897410016,1.548450195944214,1.566510636372923,1.3501377932777083,1.13867488797564,1.260941639311911,1.5613497850482505,0.834080571972797,0.0614717052119415,0.8323741112319718,0.1815866332301355,-0.0168623536911893,1.7898810758907042,1.3972518231379143,1.3369818025915716,0.9382205262696242,1
-0.6449987209576324,-0.7679390373660369,-1.3153256500717554,-0.270425487641638,-0.1371341346070196,-0.1465135875647244,-1.0435261103883935,0.677953569283755,0.822602523168128,-1.0938328541697289,1.1450031751757566,0.2491433857308795,-0.0196604339081251,-0.4800856368303066,-1.1413529203153656,-1.0989041638895458,0.5651162387395117,0.7646729188049589,0.274416927020539,0
0.1108414534226734,-0.6748214188485602,-1.3185825259008173,-0.6859950311171453,-0.5337869964937373,-1.0268098061940387,-1.0770914724878575,-1.320868151810268,-1.248286575478291,-0.8283857556898828,-0.7625183430146643,-0.5741904384812354,-0.1109974704372279,-0.9168864019068824,-0.5572019766144952,-0.809587280998049,-0.2005133827732484,-0.7549636583589082,-0.5661136044961594,0
-0.1371235520143532,-0.0525936113906931,0.6485704748522854,0.6993204802752255,1.3779123052290037,0.8065563120018682,-0.5193621584675745,1.4817350698939038,1.493688072662592,1.0133758820201495,0.079469144491161,-0.4228423090304792,-0.5423482925856183,1.1069571429479177,1.1112791563311182,1.097273992605,0.2504294875245211,-0.1580633772220895,0.0870797474122809,1
0.0956010793343515,0.040884928128789,-1.3739494149948617,-0.082603119956031,-0.3463475826808584,-0.2873230795865933,-1.0761843005392235,-0.9069277670163286,-0.7462192692503928,0.1394642548532564,-0.5726361692824431,-0.6238326249410838,-0.6960211898115907,-0.4444944633796229,-0.2651265047640595,-0.441365793681598,-0.5106582633521463,-0.4112429908503468,-0.0511850382454956,0
0.2179359740433166,-0.0691959774829564,0.3880204085273709,-0.1750077072665971,-0.0396839113411849,-0.348157328495099,-0.0342066003380242,-0.5170866512001182,-0.7983101376669737,-0.2996265219887419,-0.7855916748825238,-1.0924064337206258,-0.6963545366602371,-1.0010109936994085,-0.9149944296312787,-0.3405432435830461,-0.3849457725317247,-0.5129619526171082,-0.0737318138443656,1
-0.7912239318050485,-0.5853130103511408,-0.4310838624815777,-0.5747579871536107,-0.4444068698421046,-0.3667297783176337,-0.3753032530244694,-0.0974758501761251,-0.8930711855311798,0.6077328628954509,-0.9750955972726488,0.4598199819263328,0.5120277896828195,0.2576223219656873,0.4212508540844643,0.6983673813455107,-0.1177864533301324,-0.5068141032795566,-0.3615347729593534,0
1.187553287662521,0.5043074947041382,0.0851309564246582,0.8550021219397663,0.5541533866849949,0.3877286170243039,-0.5340583440354479,-0.4802289457047679,-0.294580356915142,0.7429472026036845,-0.4046925733917932,-0.5996169242289627,-0.2883379939170918,0.2802712505252136,0.1766376464097241,0.7378196835579881,-0.2167343493307221,-0.3749147902193608,-0.0916366062317035,1
1.587098229977996,0.3707667239620204,-0.0728275212848207,0.6566335785284968,0.7109873397534475,0.5052277893709511,-0.6225983262221421,-0.1300807434989355,0.4108629994072796,0.5223343325534098,-0.1527771795558186,-1.2074310121032008,-0.6506860183956857,-0.5690635704570165,-0.0351170706818415,0.4090504984540139,-0.0026175907720688,-0.1368253522378207,-0.0455483443457781,1
-0.3097104910145429,0.1350853096522829,-0.212873181934462,-0.5090954882902602,-0.0762277450658729,1.1704247166882584,-0.0868225733588055,1.3796675777529328,0.2762025629686711,1.8104288318792057,-0.187576303028656,-0.2884451700782074,-0.5893501982447553,-0.5156768102809911,-0.3746548067079729,0.580010474708081,0.1044407885072576,-0.1222940719854261,-0.5916445121595858,0
-0.3896194794776378,-0.0785799235351051,-0.6411523534560403,-0.6277399652039624,-0.5200830588469794,0.1394642367434854,-0.3880036603053478,0.4865770215194331,0.0900054162881259,1.1485902217283823,-0.0627533601369568,-0.3017638054698739,0.1560133553285066,0.2754179086910291,1.1258829299236393,0.6632986682677537,-0.4212807376204658,-0.5515257348253857,-0.4019863409455615,0
-1.318458494860521,-0.1854125401287993,-1.2762431401230183,-0.6965412068428077,-0.6393073163737738,0.3441402143795801,-0.1575819853522705,2.0076661752314098,0.3255226405120298,2.899260093740237,0.0401310049131709,2.352276992578592,2.806454148915718,1.262264081641811,1.407005571579684,2.307144593787624,0.6494652648383753,-0.0043671437833019,-0.329040890478629,0
3.028755238332804,2.1161806896616984,0.2040069241854004,1.7853254805964156,2.0235200343651583,2.013765550466612,-0.5741553441650779,0.6510190921909993,0.7073376228420765,0.4725185231872183,0.365048907773685,-0.2121657128350259,-0.6840207032603215,0.4145470412709753,0.6549112315648122,0.0802813133500409,0.6770409079860806,0.3712105612016628,0.1265366047103033,1
-0.8513616241535636,-0.9772732185293566,0.1225850284588647,-1.0512568053870226,-1.313845580541973,-1.1410872270408583,-0.2428561485238816,0.089647885415656,-0.4331199005762619,-0.8006312333287191,-0.5673406504930982,-0.6867934467925986,-0.9470313668423002,-0.5561213255658592,-0.6375227313733642,-0.9454785441743584,-1.2540651606811672,-1.0942131627128866,-0.929978774234394,0
-0.1334164339928693,-0.3106521278247854,-0.0076900047035924,-0.4387876501191773,0.2100322857775161,0.0503922835129628,0.0583249384226606,0.7984499141724023,0.3526763910696095,0.1992432260926852,-0.0181197017696219,-0.2230627781554804,-0.1006637181291908,-0.0837293870385996,-0.3564000897173207,0.4441192115317709,0.2796272273279741,-0.1658879127426096,-0.3658451859414904,0
-1.1932402861348463,-0.5607703822147516,-0.437597614139701,-0.8223420172846381,-0.7510705411817779,-0.3818909618462333,-0.0015484101871943,0.866494908933049,0.451316546156327,-0.1024982477825283,-0.1138172913199245,-0.278758889793359,0.5636965512230055,-0.6450992591925692,-1.550258580905976,0.4178176767234535,-0.810259515668686,-0.2826970501560881,-0.7053731008421213,0
-1.5421212821567096,-1.005064135683797,-1.176908427336645,-0.7928378351949872,-0.4489748490576905,-0.5310391048088319,-0.9753067798511046,1.1996318624487203,1.1611931678759042,0.5152177883582394,0.0492090371234762,-0.559661018053963,0.2853519326032943,0.1330532148882937,-0.4878340520500163,1.390974464631216,-0.7260726992353973,-0.43918776056649,-0.4603427013191074,0
-0.1865517923008039,-0.7412308832176133,-0.0842265866865358,-0.5874385079666096,0.4277726283871155,0.1792623435060595,-1.1068467124030583,0.0527901799203057,0.1498544991497303,0.792763011969875,-0.7594923322778958,-0.8478278565282034,-0.8760284880806252,0.9985658419844712,-0.3235415991341462,1.3164534493409816,-0.7181244256222353,-0.6174753913554837,-0.5571612083024905,0
-0.5366684943298285,-1.0415171568863753,-1.0433765183451265,-0.7434967987642096,-0.1158168982676183,-0.7821462070012628,-1.3084203193895692,-0.6687702853540619,-0.4447572222437961,-0.4504972589263486,-0.918736147300336,-1.1202544895395652,-1.1200383812897612,0.3385113525354236,-0.4476736746705818,-0.1388981433859418,-0.9823639708434824,-0.9115102583087424,-0.7679735601519251,0
-0.0683359176157095,0.5086385467282067,-1.6768388670975738,0.153179237339136,-0.1995631838866948,-0.1286991969186199,2.5730055800365594,0.2512547479721943,-0.6326168434482747,2.023925157734309,0.6555459385034574,-0.4107344586744187,0.999714229252445,-1.1983802282895646,0.6001470805928556,0.3082279483554621,2.7143943076047807,0.3907719000029628,0.521768318149319,0
-0.5823896165947953,-0.5553565671846658,-1.6133297884308762,-0.6401693865949216,-0.6193604737990483,-0.2700772333228111,-1.293361265042242,0.4653129606567311,-0.189844461907336,0.9706766168491286,-0.5904139823609579,-0.1116705548797239,0.0953442288748691,-0.1937384686134404,-0.5645038634107563,0.8649437684648587,-0.6180410619626223,-0.7795550557091142,-0.4613374120072928,0
-0.6622986050578902,0.1199266275680426,0.3749929052111255,-0.4517192703542158,-0.2071764825793382,-0.1366588182711348,1.2521632228252189,0.5631276406251615,-0.3533211234274571,0.7785299235795353,-0.5586408696248888,-0.2654402544016921,-0.1513324391234377,-0.6839259938660422,-0.7799095239004521,0.1109664372930775,0.2212317477210685,-0.4095663046673783,-0.4815631960003968,0
-0.6903079412202124,-0.7163273340792184,0.5101532521171745,-0.5875640576776293,-0.5086631108080144,-0.1859326647390833,-0.6211468511043274,0.256925164202248,0.3077895789234064,0.3728869044548364,-0.4251181458649803,-0.7328032781456285,-0.5966838289149754,0.4938182912293171,0.1729867030115941,0.992067853371728,-1.0540606430275163,-0.4587490993677903,-0.4474114623726967,0
-0.1733709282244168,-0.7235457541193329,-0.8919317922937701,-0.894909750254077,-0.41973978207794,-0.6024861821873574,-1.3367240841869552,-0.1768616773968803,-0.3394671690613451,-0.2555039479786863,-0.7935349530665409,-1.2110633672100188,-1.0710363945387462,-0.1532939533285723,-0.6594283917621475,-0.261638639158092,-1.089908979119533,-1.0199918543468105,-0.8228152760938825,0
1.7600970709805726,1.5462864274946613,0.239832558305076,0.7972492548706623,0.7109873397534475,0.5109132331941758,0.941910416392335,-1.2202182637268095,-1.1130719808650382,-0.3416141327402452,-0.4069620814443696,0.9223398655278447,-0.7010213925412861,0.5164672197888435,1.2938263262376395,-0.9936980246562742,0.8424947668723127,0.3024664276999504,0.2996162644545703,1
-0.8723686262753048,-0.9184430952024236,0.1356125317751108,-0.4541047148635918,-0.2435680503301734,-0.1292677413009424,0.6643158001102811,0.1817921491540326,-0.064604714437683,0.0362743640232889,-0.0986872376360823,-0.8865729776675969,0.8200402778320569,-0.9896865294196452,-0.7032397125397131,0.4572699789359308,0.2698946473934897,0.4639871966592579,0.4017398951082757,0
1.8877866917205708,1.0590430747869346,-0.0321165734215529,1.5028386308018862,1.525610299866284,1.3182462560921049,-0.4114086965801091,-0.0407716878755857,-0.4575028602606195,0.5863832303099409,-0.4183096217072514,-0.1286215453782084,-0.8210262580539759,0.2851245923593973,1.1514395337105523,-0.244104282619214,0.3915518965745428,0.0381089061852357,0.2704380842677974,1
0.0741821752102225,-0.7307641741594474,1.399280353450945,0.7219194282587882,0.3287997453827521,0.2095847105632587,1.1505599645781923,-0.4221071793467146,-0.0241511676886363,0.5294508767485802,-0.0147154396907574,-0.7303817080744163,-0.3093388453818124,-0.3280142593592031,0.4175999106863332,0.2468577004693876,0.1563478814911737,0.0196653581725811,0.4826430310806915,1
-0.6425273089433098,-0.3951076422941246,1.0605652672285557,-0.5480158987063952,0.2465761195022043,0.963853591111089,1.3809816395312695,1.5951433944949844,0.8730309170607753,1.938526627392268,0.7675083357638908,-0.5984061391933567,1.9464192794081088,-0.1581472951627568,1.1660433073030747,1.9476902847406128,0.9511752428073862,0.5293779577950333,-0.439122206637818,0
-1.8119170937202524,-0.0991524206494315,0.8537536520831556,-1.1148728439607505,-1.7450628184932917,-1.0529628477808732,0.4447801885408137,1.4250309075933645,0.8552978554721519,-1.094544508589247,1.1639157422805595,1.002251677877844,1.873082972705909,0.2543867607428982,0.2131470803910286,-0.2967073522358502,-1.9134474512424744,-0.8822800291856566,-1.057500684459768,0
-1.797088621634317,-0.6697685248204801,1.0117121297926346,0.0467130823943534,-0.9837329492289582,0.2948663679116316,0.4756240347943755,2.0856343983946517,1.2554000575654662,-0.6889014894645488,1.4207484035637832,0.0614717052119415,2.8097876174021814,-0.1791784431108877,0.8228546278788124,1.1937129535688316,0.2990923871969423,2.1848261157793565,2.010187077904136,0
-0.7133744533538888,-0.4575469756411148,-0.9766105638493672,-0.2690444408204203,-0.6916868113791599,0.1451496805667104,0.9999694211049216,0.7119760666640794,-0.1444034915864886,0.2476357266198421,0.6494939170299208,-0.2593863292236621,1.7030760798962652,-0.9249753049638562,0.0232980236882451,0.0934320807541996,0.509964952444101,0.8742164160922401,0.7837087993714855,0
0.1582101836971887,-0.5448898581264999,0.9856571231601432,0.1519237402289381,0.0897421664337516,0.3536159540849549,-0.2501135241129549,0.0868126773006281,1.0171120424683402,-0.5686318925661726,0.8760664709454594,0.0166726588945177,0.032341674480707,0.4630804596128171,0.2204489671872897,0.0715141350806013,-0.0285711372640268,1.1765788244209097,0.2120817238942513,0
0.112489061432222,-0.3683994881457011,1.076849646373863,-0.5994912802245095,-0.0777504048044016,-0.6102562887457649,0.3050757084511527,-0.8502236047157884,-0.7972018213176851,-0.9685816763347346,-0.442139456259303,-0.2230627781554804,-0.7553569288706429,-0.2891875246857294,0.1036187784471152,-1.1558908226409017,0.1449932049009419,-0.7689360432169798,-0.4119334478274158,0
-0.2919987049118984,-0.613825769509593,1.871527348664852,-0.7398558571446355,-0.5333301985721787,-0.6741227743599907,0.6897166146720377,-0.7070455949069261,-1.0814849649103029,-0.6867665262059975,-0.9274359281685456,-0.3998373933539643,-0.6893542528386635,-0.6920148969230159,-0.6703812219565387,-1.1032877530242655,-0.4345819301975944,-0.657156964352407,-0.560808480825837,0
-0.0905786257446125,-0.480645919769481,-0.1509925411822951,-0.6518455097197622,-0.7028022274704193,-0.0481554094229344,-0.3081725288255414,0.5787212852578097,0.0539851349362349,-0.0412959677040651,-0.0741009003998384,-0.6831610916857803,-0.2476696783822359,-1.0543977538754343,-0.6995887691415821,-0.261638639158092,-0.4436656714697797,-0.2100406488941158,-0.1904445345914574,0
-0.1968493423604811,-0.2135643782852458,0.5557495137240347,-0.7414880033878928,-0.6527067220728261,-0.698759697593965,0.2161728574850049,-0.6786935137566565,-0.7988642958416187,-0.2775652349837141,-0.4584042639694336,0.0396775745710326,-0.3910088233001708,-0.4186099735973075,-0.538947259623843,-0.4720509176246358,-0.4431790424730556,-0.2508400126796848,-0.387397250852175,0
-1.098090923583429,-0.7029732570050067,-0.6362670397124479,-0.9878165364087222,-1.382517534749616,-1.030979131664404,-0.4533200406070074,-0.1116518907512594,-0.5517097499501806,-0.1437742041145159,-0.4497044831012242,-0.5984061391933567,0.0150076383510962,-0.355516529752913,0.2679112313629853,-0.1695832673289797,-1.022105338909293,-1.0189299530975968,-0.7219516123118787,0
-1.0758482154545266,-1.049457418930501,-0.5922992160201187,-0.5677272033365024,-0.4762304583773536,-0.4487896841661791,-0.3517167823599813,0.615578990753162,0.6009392533103362,-0.5401657157854922,0.7924729243422306,0.2697267313361824,1.0763840044411075,-0.3393387236389658,-0.5206925426331908,0.6019284203816793,-0.1340074198876061,0.2996719507283361,-0.1911076750502477,0
-1.2735611766003283,-0.3951076422941246,-0.0142037563617151,-0.8214631693074995,-1.1594478830551664,-1.024156599076534,0.2651601427112495,-0.0634533527958007,-0.2629933409604066,-0.8148643217190599,0.1358285944634736,0.1801286387013348,0.1330124227719079,-0.5642102286228329,-0.8456265050667999,-0.5465719329148696,-0.3538015167413751,-0.7963219175388001,-0.2826210583633085,0
-0.9506300067288516,0.4129944811966897,0.9400608615532832,-0.9205218913021144,-1.2480666798375346,-0.7262393427395518,1.2721210056951702,0.068383824552954,-0.4259158443058842,-1.0276489931546466,-0.3093732351835866,0.4985651030657266,0.4073568792078622,0.2560045413542927,0.6001470805928556,-0.524653987241272,-0.9536528600367538,-0.3788270579796207,-0.6340855015221646,0
-0.9662822828195607,-0.3207579158809455,-0.1477356653532337,-1.1148728439607505,-1.7450628184932917,-1.1763369787448523,0.1581138527724184,-0.4703057173021734,-0.998915396888275,-1.5692180064070946,-0.5926834904135342,1.1499674522217824,0.846041332026473,-0.7162816060939368,-0.5499000898182341,-1.4145225815893612,-1.9134474512424744,-0.8069409300309346,-1.057500684459768,0
-0.843535486108209,-0.4517722396090231,0.4205891668179857,-0.50922103800128,-0.7685811281748576,-0.4245317905204196,0.4538519080271556,0.3859271334359749,-0.2009276254002251,-0.0498358207382699,0.3510536081161307,1.0385752289460255,-1.1820408951379842,0.4339604086077125,0.7972980240919001,-1.037533916003471,-0.2524204757571642,0.2812284027156815,0.0847587558065148,0
-0.4374001117545405,-0.592892351393261,1.681000112664758,-0.8641500710542284,-0.755638520397364,-1.1750103751861,0.2724175183003228,-0.9111805791888684,-1.0587644797498794,-0.967870021915218,-0.7825656641457552,-0.190371582194117,0.5980312766335809,-0.7987884172750677,-0.995315184390148,-0.3931463131996823,-0.4040865130695437,-0.7348434241632851,-0.617175419823012,0
-1.3575891850872943,-0.3748960661818041,-0.1021394037463735,-0.6131761987256666,-1.3546528615345417,-0.9151855924647244,1.2013615937017057,0.4199496308162993,-0.5550346989980478,-0.2818351615008165,0.3132284739065251,2.0641101541043514,1.2997263930341694,-0.7534905601560155,-0.4367208444761907,-0.9673964898479568,0.1660804614256578,-0.3989472921752439,0.2674539522032411,0
-0.3900313814800252,-0.6986422049809379,1.6386607268869595,-0.3370923841931469,-0.7563998502666283,-0.8736818525551829,0.2597171110194448,-0.8105306911054112,-0.638712583369364,-1.0767531481013213,-0.3759454713924928,-0.4349501593865397,0.4570255596561699,-0.8554107386738831,-0.8967397126406266,-0.4238314371427195,-0.6774097995629762,-0.2206596613862502,0.2349600697225166,0
-1.0832624514974938,-0.6686857618144629,1.5035003799809097,-0.3617001275530258,-0.3553312751381774,-0.5261117201620371,1.8545253967183024,-0.2165545910072584,-0.0618339235644609,-0.4312825895993888,0.4323776466667831,-0.2557539741168441,1.669741395031629,-1.091606707937513,-0.7981642408911043,0.2643920570082655,0.8781808932987546,0.1051763535039793,0.53536269755452,0
-1.12198123972188,-0.5813428793290778,-0.4555104311995387,-1.0517841141733055,-1.405205164853693,-0.5552969984545914,1.584188156025322,0.0726366367254948,-0.9157916706916038,0.2803718299176249,-0.5737709233087313,0.626908316839968,1.9564196848674995,-1.0333666059273023,-0.075277448061276,-0.2572550500233728,-0.7646785996421849,-0.1820958791779726,-0.9191032707102332,0
-1.3472916350276172,0.4775993405557143,1.3943950397073526,-1.1148728439607505,-1.7450628184932917,-1.0353379719288762,3.1027939980389108,-0.3129516669181759,-0.7899977650473066,-1.0767531481013213,-0.1781200194762544,1.1499674522217824,1.5164018446543035,-0.6887793357002264,-0.2541736745696684,-1.0989041638895458,-1.9134474512424744,-0.7957630221444773,-1.057500684459768,0
0.1821004998356397,-0.6488351067041482,0.2593738132794447,0.1770336824328962,-0.0625238074191149,0.5431307481924501,-0.1974975510921733,-0.1882025098569887,-0.2164440542902707,-0.8276741012703661,0.2311479326716804,-0.5039649064160848,-0.9330307991991528,-1.0398377283728817,-1.305645373231236,-1.3049328532213698,0.691639777887807,1.1687542889003897,1.1235682845015116,0
-0.7187291793849214,-0.6004716924353811,1.8698989107503203,0.2812399425793224,-0.2752393728915696,-0.0424699655997097,3.0610640884017397,0.4114440064712177,0.1869830968509098,-0.2668904186909591,0.3567273782475716,-0.6855826617569923,0.3863560277431419,-1.2760336976365112,-1.5466076375078448,-0.1125966085776244,0.1417490115894473,0.2426646205074039,0.8450492918095878,0
-0.0242624033602914,-0.146793992914187,1.2201521828525663,-0.5546700333904442,-0.1493154125152489,0.1565205682131602,0.4992105054588636,-0.1541800124766644,-0.0407759129279704,0.2084947335464067,0.5708176378739404,0.0312020793217902,0.0716766026209775,-1.0527799732640393,-1.0026170711864089,-0.3624611892566444,0.7240817110027542,0.0727604206332534,-0.3708187393824176,0
-0.87731145030395,-0.3286981779250715,2.055540833006822,-1.1148728439607505,-1.7450628184932917,-1.3031223760027666,4.860893234491918,-1.1025571269531904,-1.3796220628690328,-1.5564082268557884,-0.7647878510672407,-0.0789793589183602,0.1843478374634473,-2.159341911458031,-2.744117072094631,-1.740223254299031,-1.9134474512424744,-0.9277741142835376,-1.057500684459768,0
0.4708438035089885,-0.5232345980061565,2.7867094566311126,2.0866447870439133,1.8423235254802468,1.9777577395861876,-0.0215061930571457,1.2364895679440706,3.1561625965960296,0.6006163187002815,0.8877922625504371,0.1002168263513353,-0.8053589561675969,1.9223185710908584,1.1550904771086827,0.4090504984540139,0.6948839711993016,1.2833278447365766,1.3825246336591217,1
2.101975732961856,2.010430836074021,0.6078595269890176,2.870074983807408,2.1255382368465785,2.2601347828063547,-0.3462737506681761,0.8494836602428879,0.8192775741202609,0.9635600726539584,0.9146481078392572,0.0033540235028513,-0.2140016466689533,0.0456930618729784,1.2317602884694223,0.3652146071068173,2.3429341734386324,0.9848777041681672,1.5436677651451634,1
2.060785532723147,2.7820799383622576,0.1176997147152724,1.9472846078119457,1.6291511620862331,0.2190604502686335,0.0710253457035387,-0.9310270359940576,-0.7090906715492125,1.04184205880083,0.1679799585416385,-1.1384162650736558,1.086384409900499,-1.3601582894290372,-0.3125887689397551,0.378365374510976,2.067177741961579,0.1918051396240234,0.6660013679362081,1
1.615931370145092,1.3004992251287637,2.0473986434341684,0.693042994724236,0.7338272358313775,-0.0178330423657352,2.260938429706408,-1.0586114011702723,-0.973978279029274,0.1024582250383712,-0.4905556280475985,-0.189160797158511,-0.4240101613161606,-0.5318546163949384,-0.2176642405883639,-0.6912303743606186,0.8084307371016176,-0.0697579049190769,0.2522017216510642,1
0.6726757846786612,0.1848924079290727,1.3748537847329834,0.0465875326833335,0.4140686907403578,-0.0386796697175597,-0.2573708997020283,-0.8955869345562202,-0.3184091584248545,-0.8404838808216722,0.0367267428343065,-0.8914161178100212,-0.3793416835975481,-1.1045489528286705,-0.8091170710854955,-0.809587280998049,0.6121570417561856,0.6612772708552292,0.5108265005792793,1
1.9825241522696,1.1579354293365027,2.2379258794342625,3.296944001274696,2.289985488607675,3.272143783340379,0.6860879268775011,1.0436954161222356,2.21963528144686,1.5257670640723997,0.9040570702605678,0.326633628009667,-0.1729999842854511,1.9190830098680691,2.137194251205772,1.4304267668436934,0.7857213839211542,2.01771639287682,1.3022846381454958,1
-1.8143885057345748,-0.0702787404889736,0.7641895667839662,-1.1148728439607505,-1.7450628184932917,-1.1507524815403407,0.3830924960336906,-0.5610323769830361,-0.7512066928221935,-3.112084787919981,-0.3827539955502219,0.7528299605429972,0.0493423637616713,-0.0481382135879151,-0.8200699012798865,-1.8590185198499336,-1.9134474512424744,-1.1635161916089216,-1.057500684459768,0
